{"type":"FeatureCollection","features":[{"type":"Feature","properties":{"name":"Andover School District"},"geometry":{"type":"Polygon","coordinates":[[[-72.32887,41.73882],[-72.33034,41.73621],[-72.34262,41.72233],[-72.35072,41.71188],[-72.35648,41.7015],[-72.39875,41.69691],[-72.41239,41.7158],[-72.41368,41.71827],[-72.41911,41.7251],[-72.42282,41.73196],[-72.41842,41.73211],[-72.40362,41.73399],[-72.4051,41.7388],[-72.40533,41.7426],[-72.41025,41.76551],[-72.38092,41.76386],[-72.35457,41.76715],[-72.32887,41.73882]]]}},{"type":"Feature","properties":{"name":"Ansonia School District"},"geometry":{"type":"MultiPolygon","coordinates":[[[[-73.0869,41.36266],[-73.08005,41.3628],[-73.07074,41.36022],[-73.04716,41.36053],[-73.04633,41.34608],[-73.04372,41.34232],[-73.04294,41.33882],[-73.04233,41.33857],[-73.04165,41.33704],[-73.03998,41.33236],[-73.03893,41.32801],[-73.03914,41.32665],[-73.05351,41.32461],[-73.05594,41.32385],[-73.05827,41.32401],[-73.06502,41.32525],[-73.06686,41.32661],[-73.06886,41.3263],[-73.0721,41.32685],[-73.07232,41.32734],[-73.07638,41.32895],[-73.07726,41.33033],[-73.07893,41.33077],[-73.0771,41.33285],[-73.07675,41.3345],[-73.07887,41.33829],[-73.08145,41.33942],[-73.08034,41.34318],[-73.08038,41.34478],[-73.08086,41.34555],[-73.08238,41.34637],[-73.08549,41.35111],[-73.08566,41.35335],[-73.08995,41.35796],[-73.09053,41.35924],[-73.09189,41.36024],[-73.0869,41.36266]]],[[[-73.09289,41.36079],[-73.08684,41.3537],[-73.08607,41.35085],[-73.08462,41.34944],[-73.08281,41.34621],[-73.08099,41.34482],[-73.08086,41.34297],[-73.08193,41.33918],[-73.07954,41.33764],[-73.07745,41.33366],[-73.07967,41.33096],[-73.08821,41.33512],[-73.0897,41.3377],[-73.09113,41.33872],[-73.09286,41.33946],[-73.09566,41.33932],[-73.09579,41.34073],[-73.10235,41.3529],[-73.10054,41.35402],[-73.09812,41.35659],[-73.09785,41.35753],[-73.09656,41.35817],[-73.0963,41.35916],[-73.09481,41.3607],[-73.0935,41.3603],[-73.09289,41.36079]]]]}},{"type":"Feature","properties":{"name":"Ashford School District"},"geometry":{"type":"Polygon","coordinates":[[[-72.15165,41.9593],[-72.15265,41.9557],[-72.15275,41.95314],[-72.1514,41.95227],[-72.15077,41.9526],[-72.15037,41.94912],[-72.15069,41.94865],[-72.14973,41.94739],[-72.14992,41.94558],[-72.14948,41.94413],[-72.14704,41.94253],[-72.14724,41.94074],[-72.14671,41.93923],[-72.14526,41.93814],[-72.1454,41.93631],[-72.14434,41.93309],[-72.14504,41.93062],[-72.14475,41.92882],[-72.14113,41.92372],[-72.13996,41.92319],[-72.1389,41.92116],[-72.13886,41.9196],[-72.1399,41.91803],[-72.13939,41.91618],[-72.13536,41.91339],[-72.13283,41.91041],[-72.12243,41.89484],[-72.11292,41.87932],[-72.11244,41.86278],[-72.11399,41.83169],[-72.12595,41.83391],[-72.13242,41.83453],[-72.21772,41.83518],[-72.2169,41.88446],[-72.21631,41.89282],[-72.21729,41.94324],[-72.21698,41.95816],[-72.19552,41.95936],[-72.15165,41.9593]]]}},{"type":"Feature","properties":{"name":"Avon School District"},"geometry":{"type":"Polygon","coordinates":[[[-72.79855,41.82489],[-72.79783,41.81432],[-72.79833,41.81102],[-72.79724,41.8047],[-72.79847,41.79384],[-72.79894,41.79193],[-72.80004,41.79183],[-72.79674,41.7588],[-72.82013,41.7579],[-72.86703,41.76372],[-72.87322,41.76401],[-72.88105,41.76548],[-72.89524,41.76469],[-72.90122,41.7687],[-72.90108,41.77163],[-72.90216,41.77512],[-72.90405,41.77615],[-72.90951,41.77615],[-72.91902,41.7783],[-72.92047,41.77957],[-72.9216,41.78254],[-72.92499,41.78791],[-72.92449,41.79001],[-72.92542,41.79844],[-72.92744,41.80052],[-72.9281,41.80284],[-72.92682,41.804],[-72.92101,41.80539],[-72.9207,41.80585],[-72.92118,41.80712],[-72.91536,41.80756],[-72.91585,41.81038],[-72.88042,41.81456],[-72.87478,41.81564],[-72.84335,41.81938],[-72.84125,41.82007],[-72.79855,41.82489]]]}},{"type":"Feature","properties":{"name":"Barkhamsted School District"},"geometry":{"type":"Polygon","coordinates":[[[-72.90594,41.9217],[-72.91535,41.8968],[-73.05353,41.88732],[-73.03883,41.94551],[-73.03402,41.9663],[-72.96269,41.97037],[-72.88706,41.97312],[-72.90224,41.932],[-72.90297,41.93136],[-72.90594,41.9217]]]}},{"type":"Feature","properties":{"name":"Berlin School District"},"geometry":{"type":"Polygon","coordinates":[[[-72.71234,41.6306],[-72.71591,41.625],[-72.71553,41.62282],[-72.71329,41.62084],[-72.71284,41.61893],[-72.71113,41.61804],[-72.71257,41.61668],[-72.71364,41.61074],[-72.71592,41.60642],[-72.71454,41.60431],[-72.72394,41.603],[-72.72704,41.6024],[-72.7273,41.6018],[-72.72994,41.6015],[-72.73167,41.59578],[-72.74284,41.5944],[-72.75294,41.5925],[-72.75214,41.5789],[-72.77274,41.5768],[-72.80124,41.5731],[-72.80524,41.5666],[-72.80924,41.562],[-72.81024,41.5624],[-72.81914,41.5543],[-72.82124,41.5542],[-72.82614,41.5559],[-72.82574,41.5643],[-72.82964,41.5624],[-72.82764,41.571],[-72.84024,41.5691],[-72.83653,41.58054],[-72.83387,41.58324],[-72.82646,41.58686],[-72.82408,41.5967],[-72.82346,41.60433],[-72.8202,41.6069],[-72.81833,41.60687],[-72.81936,41.6156],[-72.82281,41.61762],[-72.82056,41.6193],[-72.82023,41.62115],[-72.82225,41.62159],[-72.81799,41.62759],[-72.82525,41.62767],[-72.82524,41.62985],[-72.82404,41.63143],[-72.82333,41.63361],[-72.81419,41.64571],[-72.79639,41.6472],[-72.77187,41.64832],[-72.76887,41.64888],[-72.75036,41.65017],[-72.74987,41.64697],[-72.72716,41.64948],[-72.72736,41.6522],[-72.7153,41.65271],[-72.71382,41.6348],[-72.71234,41.6306]]]}},{"type":"Feature","properties":{"name":"Bethany School District"},"geometry":{"type":"Polygon","coordinates":[[[-72.98544,41.46904],[-72.94805,41.4641],[-72.94745,41.4601],[-72.94905,41.4558],[-72.95145,41.4544],[-72.95255,41.4529],[-72.95715,41.4501],[-72.95814,41.44884],[-72.95792,41.4452],[-72.96324,41.43941],[-72.96269,41.43873],[-72.96349,41.43754],[-72.96158,41.43243],[-72.95525,41.42893],[-72.95071,41.42781],[-72.95256,41.41937],[-72.94015,41.41122],[-72.93893,41.40858],[-72.94473,41.40623],[-72.95352,41.39974],[-72.95291,41.39695],[-72.95362,41.39555],[-72.95487,41.39448],[-72.98146,41.39201],[-73.02998,41.38851],[-73.03274,41.39014],[-73.03404,41.39171],[-73.03536,41.39187],[-73.03684,41.39133],[-73.0378,41.3917],[-73.03878,41.39327],[-73.04029,41.39372],[-73.04241,41.39562],[-73.0443,41.39491],[-73.04686,41.39521],[-73.04754,41.39583],[-73.04165,41.4209],[-73.02946,41.41949],[-73.02522,41.43457],[-73.02497,41.45123],[-73.02575,41.4596],[-73.00335,41.46272],[-73.00086,41.46992],[-73.0013,41.47106],[-72.98976,41.46887],[-72.98544,41.46904]]]}},{"type":"Feature","properties":{"name":"Bethel School District"},"geometry":{"type":"Polygon","coordinates":[[[-73.38014,41.42293],[-73.34705,41.35043],[-73.36024,41.34683],[-73.42433,41.33529],[-73.43058,41.35573],[-73.43337,41.36675],[-73.43423,41.36832],[-73.43502,41.3724],[-73.43265,41.37848],[-73.42393,41.38235],[-73.40729,41.39574],[-73.4071,41.39613],[-73.40784,41.39715],[-73.40663,41.39802],[-73.4067,41.39882],[-73.40567,41.4008],[-73.40473,41.40122],[-73.40498,41.40264],[-73.4009,41.40317],[-73.40602,41.41544],[-73.40596,41.42819],[-73.38014,41.42293]]]}},{"type":"Feature","properties":{"name":"Bloomfield School District"},"geometry":{"type":"Polygon","coordinates":[[[-72.73781,41.89238],[-72.74296,41.87735],[-72.69768,41.86751],[-72.68969,41.86624],[-72.68823,41.8388],[-72.68681,41.82358],[-72.68604,41.80017],[-72.69008,41.80084],[-72.69139,41.80757],[-72.71896,41.80649],[-72.79724,41.8047],[-72.79833,41.81102],[-72.79783,41.81432],[-72.79855,41.82489],[-72.78334,41.82691],[-72.78444,41.83331],[-72.78349,41.83656],[-72.78427,41.83778],[-72.78516,41.84341],[-72.78444,41.8557],[-72.77454,41.8742],[-72.7704,41.88079],[-72.77139,41.88512],[-72.76694,41.89589],[-72.76505,41.90261],[-72.76058,41.90571],[-72.7611,41.90463],[-72.76098,41.90347],[-72.75907,41.90196],[-72.74848,41.89645],[-72.74393,41.89574],[-72.73781,41.89238]]]}},{"type":"Feature","properties":{"name":"Bolton School District"},"geometry":{"type":"Polygon","coordinates":[[[-72.41627,41.79577],[-72.40533,41.7426],[-72.4051,41.7388],[-72.40362,41.73399],[-72.46013,41.7273],[-72.46513,41.7502],[-72.47347,41.79826],[-72.45514,41.80145],[-72.41889,41.80656],[-72.41627,41.79577]]]}},{"type":"Feature","properties":{"name":"Bozrah School District"},"geometry":{"type":"Polygon","coordinates":[[[-72.13498,41.56953],[-72.13576,41.56893],[-72.13212,41.56484],[-72.13268,41.54847],[-72.1362,41.54373],[-72.14066,41.53629],[-72.13288,41.50891],[-72.13542,41.50401],[-72.13671,41.50497],[-72.14245,41.50418],[-72.14668,41.50571],[-72.14779,41.50563],[-72.1516,41.50704],[-72.15338,41.50717],[-72.16198,41.51012],[-72.16572,41.51055],[-72.16995,41.51279],[-72.17116,41.51394],[-72.17854,41.51601],[-72.18263,41.51611],[-72.18221,41.51458],[-72.18254,41.51276],[-72.18672,41.51291],[-72.18752,41.51347],[-72.19106,41.51415],[-72.19172,41.51407],[-72.19214,41.51361],[-72.19191,41.51298],[-72.19349,41.51198],[-72.22762,41.5187],[-72.22712,41.5225],[-72.22592,41.52659],[-72.21911,41.53882],[-72.20224,41.57519],[-72.1981,41.58351],[-72.19402,41.5904],[-72.13871,41.57641],[-72.13584,41.57351],[-72.13498,41.56953]]]}},{"type":"Feature","properties":{"name":"Branford School District"},"geometry":{"type":"MultiPolygon","coordinates":[[[[-72.79917,41.32432],[-72.78053,41.31319],[-72.77134,41.30509],[-72.74611,41.31063],[-72.74669,41.30804],[-72.74204,41.2972],[-72.73813,41.28629],[-72.73582,41.28407],[-72.72805,41.268],[-72.73225,41.26557],[-72.73124,41.26364],[-72.73172,41.26278],[-72.73301,41.26245],[-72.73479,41.26276],[-72.73704,41.26109],[-72.73854,41.26179],[-72.73854,41.26479],[-72.73944,41.26579],[-72.73964,41.26749],[-72.73944,41.26199],[-72.74644,41.25939],[-72.74714,41.25979],[-72.74784,41.25959],[-72.74764,41.25909],[-72.74864,41.25889],[-72.74884,41.25929],[-72.75144,41.25869],[-72.74954,41.25989],[-72.75064,41.25999],[-72.75034,41.26129],[-72.74904,41.26219],[-72.75214,41.26259],[-72.75204,41.26319],[-72.75054,41.26379],[-72.75244,41.26349],[-72.75304,41.26419],[-72.75244,41.26449],[-72.75244,41.26629],[-72.75184,41.26729],[-72.75444,41.26689],[-72.75414,41.26719],[-72.75474,41.26899],[-72.75704,41.26949],[-72.75814,41.27179],[-72.75714,41.26869],[-72.75754,41.26709],[-72.75864,41.26639],[-72.75974,41.26649],[-72.76044,41.26589],[-72.76174,41.26669],[-72.76154,41.26729],[-72.76374,41.26769],[-72.76484,41.26709],[-72.76564,41.26569],[-72.76614,41.26659],[-72.76674,41.26539],[-72.76774,41.26489],[-72.76824,41.26569],[-72.76874,41.26519],[-72.76894,41.26569],[-72.76944,41.26529],[-72.76954,41.26579],[-72.77134,41.26599],[-72.77274,41.26479],[-72.77294,41.26319],[-72.78024,41.26559],[-72.78154,41.26509],[-72.78354,41.26519],[-72.78394,41.26429],[-72.78434,41.26499],[-72.78614,41.26479],[-72.78814,41.26389],[-72.78804,41.26319],[-72.78734,41.26269],[-72.78934,41.26159],[-72.79064,41.26019],[-72.79064,41.25939],[-72.79144,41.25919],[-72.79294,41.26029],[-72.79524,41.26029],[-72.79904,41.25869],[-72.79994,41.25769],[-72.80334,41.25749],[-72.80604,41.25629],[-72.80734,41.25289],[-72.81034,41.25069],[-72.81304,41.24949],[-72.81144,41.25139],[-72.81274,41.25149],[-72.81345,41.25049],[-72.81634,41.24969],[-72.81684,41.25039],[-72.81584,41.25099],[-72.81614,41.25119],[-72.81715,41.25049],[-72.81654,41.24949],[-72.81794,41.24959],[-72.81844,41.24849],[-72.81914,41.24919],[-72.81854,41.24919],[-72.81905,41.24999],[-72.81874,41.25129],[-72.81784,41.25159],[-72.81805,41.25289],[-72.81934,41.25409],[-72.82275,41.25559],[-72.82455,41.25549],[-72.82275,41.25649],[-72.82054,41.25939],[-72.81934,41.25899],[-72.81794,41.26019],[-72.81694,41.26029],[-72.81464,41.25759],[-72.81294,41.25819],[-72.81264,41.25789],[-72.81204,41.25869],[-72.81144,41.25869],[-72.81164,41.25829],[-72.81104,41.25849],[-72.81034,41.25999],[-72.81104,41.26029],[-72.81014,41.26119],[-72.80884,41.26149],[-72.80774,41.26059],[-72.80754,41.26109],[-72.80894,41.26219],[-72.80824,41.26419],[-72.80914,41.26319],[-72.81024,41.26399],[-72.81114,41.26549],[-72.81134,41.26509],[-72.81245,41.26559],[-72.81484,41.26569],[-72.81805,41.26759],[-72.81715,41.27039],[-72.81294,41.27219],[-72.81144,41.27359],[-72.81224,41.27429],[-72.81174,41.27469],[-72.81094,41.27389],[-72.81044,41.27469],[-72.80664,41.27509],[-72.80595,41.27449],[-72.80514,41.27469],[-72.80354,41.27349],[-72.80415,41.27409],[-72.80264,41.27489],[-72.80284,41.27559],[-72.80324,41.27479],[-72.80415,41.27449],[-72.80334,41.27599],[-72.80254,41.27609],[-72.80274,41.27719],[-72.80405,41.27789],[-72.80284,41.27929],[-72.80274,41.28009],[-72.80424,41.28179],[-72.80284,41.28189],[-72.80214,41.28249],[-72.80204,41.28379],[-72.80334,41.28409],[-72.80174,41.28549],[-72.79944,41.28489],[-72.79844,41.28529],[-72.79794,41.28659],[-72.79534,41.28969],[-72.79374,41.28959],[-72.79384,41.29109],[-72.79314,41.29179],[-72.79224,41.29189],[-72.79234,41.29279],[-72.79354,41.29349],[-72.79434,41.29299],[-72.79334,41.29319],[-72.79254,41.29219],[-72.79434,41.29099],[-72.79394,41.29009],[-72.79494,41.28979],[-72.79454,41.29049],[-72.79624,41.29089],[-72.79544,41.29029],[-72.79924,41.28539],[-72.80184,41.28579],[-72.80384,41.28429],[-72.80334,41.28349],[-72.80244,41.28349],[-72.80284,41.28229],[-72.80474,41.28189],[-72.80314,41.27969],[-72.80444,41.27799],[-72.80444,41.27749],[-72.80324,41.27669],[-72.80374,41.27609],[-72.80494,41.27519],[-72.80614,41.27639],[-72.80794,41.27669],[-72.81114,41.27599],[-72.81464,41.27239],[-72.81754,41.27149],[-72.81914,41.26799],[-72.81884,41.26729],[-72.81504,41.26499],[-72.81374,41.26509],[-72.81214,41.26429],[-72.81214,41.26329],[-72.81664,41.26289],[-72.81914,41.26319],[-72.81995,41.26189],[-72.82085,41.26209],[-72.82064,41.26069],[-72.82114,41.26019],[-72.82194,41.26199],[-72.82504,41.26199],[-72.82434,41.26359],[-72.82514,41.26399],[-72.82584,41.26329],[-72.82694,41.26349],[-72.82784,41.26469],[-72.82904,41.26339],[-72.82925,41.26139],[-72.83084,41.26049],[-72.83134,41.25969],[-72.83025,41.25939],[-72.83054,41.25769],[-72.83154,41.25789],[-72.83084,41.25719],[-72.83144,41.25559],[-72.83354,41.25449],[-72.83295,41.25309],[-72.83364,41.25129],[-72.83504,41.24929],[-72.83624,41.24899],[-72.83594,41.24859],[-72.83675,41.24849],[-72.83734,41.24999],[-72.83624,41.24989],[-72.83614,41.25039],[-72.83855,41.25109],[-72.83855,41.25159],[-72.83744,41.25199],[-72.83614,41.25439],[-72.83744,41.25279],[-72.83974,41.25129],[-72.84004,41.25299],[-72.84074,41.25309],[-72.83984,41.25519],[-72.83894,41.25569],[-72.84045,41.25679],[-72.84125,41.25639],[-72.84184,41.25759],[-72.84135,41.25859],[-72.84174,41.25889],[-72.84484,41.25809],[-72.84505,41.25649],[-72.84614,41.25699],[-72.84664,41.25659],[-72.84734,41.25719],[-72.84994,41.25689],[-72.85094,41.25609],[-72.85024,41.25549],[-72.85004,41.25409],[-72.85114,41.25259],[-72.85214,41.25319],[-72.85304,41.25259],[-72.85535,41.25229],[-72.85564,41.25299],[-72.85404,41.25489],[-72.85384,41.25609],[-72.85265,41.25799],[-72.85165,41.25709],[-72.85204,41.25889],[-72.85144,41.25989],[-72.85184,41.26039],[-72.85124,41.26229],[-72.85255,41.26409],[-72.85374,41.26459],[-72.85534,41.26423],[-72.85797,41.26568],[-72.86051,41.26552],[-72.86053,41.26633],[-72.86167,41.26723],[-72.86051,41.26741],[-72.86041,41.26788],[-72.86136,41.26841],[-72.86238,41.26831],[-72.86247,41.26978],[-72.86327,41.26969],[-72.86361,41.26865],[-72.86428,41.26918],[-72.86262,41.27145],[-72.86263,41.27359],[-72.86201,41.27548],[-72.86118,41.27577],[-72.85947,41.27888],[-72.85934,41.28101],[-72.86019,41.28154],[-72.86082,41.28301],[-72.86032,41.28513],[-72.85897,41.28773],[-72.85582,41.29087],[-72.85086,41.29364],[-72.84374,41.2964],[-72.84126,41.298],[-72.84018,41.2998],[-72.83729,41.31257],[-72.83501,41.31439],[-72.82241,41.3188],[-72.79917,41.32432]]],[[[-72.75974,41.24109],[-72.76064,41.24109],[-72.76064,41.24179],[-72.76154,41.24199],[-72.76134,41.24289],[-72.76074,41.24309],[-72.76024,41.24219],[-72.75964,41.24209],[-72.75974,41.24109]]],[[[-72.75524,41.24539],[-72.75604,41.24449],[-72.75694,41.24479],[-72.75734,41.24389],[-72.75904,41.24359],[-72.75934,41.24419],[-72.75854,41.24509],[-72.75634,41.24579],[-72.75524,41.24539]]],[[[-72.80904,41.24729],[-72.81024,41.24599],[-72.81074,41.24639],[-72.80904,41.24729]]],[[[-72.74974,41.24689],[-72.75044,41.24669],[-72.75044,41.24719],[-72.74964,41.24759],[-72.74974,41.24689]]],[[[-72.81535,41.24679],[-72.81625,41.24669],[-72.81625,41.24729],[-72.81424,41.24849],[-72.81394,41.24809],[-72.81535,41.24679]]],[[[-72.75394,41.24919],[-72.75424,41.24849],[-72.75364,41.24869],[-72.75404,41.24769],[-72.75474,41.24749],[-72.75504,41.24669],[-72.75634,41.24659],[-72.75644,41.24749],[-72.75484,41.24919],[-72.75394,41.24919]]],[[[-72.75124,41.25059],[-72.75154,41.25019],[-72.75044,41.25029],[-72.75044,41.24959],[-72.75314,41.24879],[-72.75244,41.24979],[-72.75284,41.25009],[-72.75124,41.25059]]],[[[-72.75524,41.25029],[-72.75934,41.24749],[-72.75994,41.24789],[-72.75914,41.24899],[-72.75634,41.25099],[-72.75534,41.25109],[-72.75524,41.25029]]],[[[-72.74524,41.25009],[-72.74614,41.24999],[-72.74624,41.25099],[-72.74544,41.25139],[-72.74524,41.25009]]],[[[-72.85545,41.25159],[-72.85364,41.25069],[-72.85155,41.25129],[-72.85034,41.25109],[-72.85078,41.24985],[-72.85361,41.24939],[-72.85442,41.24884],[-72.85432,41.24725],[-72.85507,41.24826],[-72.85661,41.24799],[-72.85694,41.24729],[-72.85794,41.24789],[-72.85834,41.24769],[-72.85774,41.24889],[-72.85704,41.24899],[-72.85754,41.25029],[-72.85684,41.25199],[-72.85625,41.25259],[-72.85545,41.25159]]],[[[-72.74644,41.25299],[-72.74754,41.25199],[-72.74844,41.25219],[-72.74704,41.25349],[-72.74644,41.25299]]],[[[-72.74132,41.25249],[-72.74304,41.25249],[-72.74304,41.25289],[-72.74074,41.25349],[-72.74132,41.25249]]],[[[-72.74824,41.25439],[-72.74884,41.25399],[-72.74864,41.25449],[-72.74824,41.25439]]],[[[-72.74884,41.25459],[-72.74984,41.25469],[-72.74894,41.25509],[-72.74884,41.25459]]],[[[-72.74744,41.25539],[-72.74804,41.25499],[-72.74834,41.25539],[-72.74764,41.25589],[-72.74744,41.25539]]],[[[-72.75484,41.25499],[-72.75384,41.25429],[-72.75474,41.25399],[-72.75534,41.25459],[-72.75884,41.25359],[-72.75484,41.25629],[-72.75434,41.25569],[-72.75484,41.25499]]],[[[-72.74024,41.25489],[-72.74224,41.25429],[-72.74204,41.25599],[-72.74044,41.25619],[-72.74024,41.25489]]],[[[-72.79334,41.25699],[-72.79414,41.25599],[-72.79444,41.25639],[-72.79404,41.25709],[-72.79334,41.25699]]],[[[-72.75714,41.25719],[-72.75864,41.25639],[-72.75864,41.25689],[-72.75714,41.25719]]],[[[-72.75214,41.25979],[-72.75284,41.25929],[-72.75334,41.25949],[-72.75254,41.26019],[-72.75214,41.25979]]],[[[-72.76224,41.26049],[-72.76224,41.25959],[-72.76154,41.25969],[-72.76134,41.25889],[-72.76304,41.25819],[-72.76434,41.25929],[-72.76334,41.26029],[-72.76224,41.26049]]],[[[-72.75474,41.26309],[-72.75504,41.26249],[-72.75554,41.26289],[-72.75474,41.26309]]],[[[-72.76144,41.26329],[-72.76184,41.26279],[-72.76254,41.26299],[-72.76204,41.26349],[-72.76144,41.26329]]],[[[-72.76534,41.26309],[-72.76614,41.26299],[-72.76604,41.26359],[-72.76554,41.26379],[-72.76534,41.26309]]],[[[-72.75474,41.26349],[-72.75534,41.26329],[-72.75544,41.26369],[-72.75474,41.26349]]],[[[-72.76324,41.26309],[-72.76414,41.26299],[-72.76404,41.26359],[-72.76474,41.26379],[-72.76344,41.26439],[-72.76324,41.26309]]]]}},{"type":"Feature","properties":{"name":"Bridgeport School District"},"geometry":{"type":"MultiPolygon","coordinates":[[[[-73.19662,41.22778],[-73.19086,41.22503],[-73.19041,41.2261],[-73.18831,41.22754],[-73.18139,41.22709],[-73.18451,41.22594],[-73.18318,41.2237],[-73.19075,41.22418],[-73.19059,41.22346],[-73.18872,41.2215],[-73.1872,41.22102],[-73.18727,41.22053],[-73.18629,41.22053],[-73.18328,41.2207],[-73.18088,41.22182],[-73.17726,41.22234],[-73.16955,41.22276],[-73.16468,41.22565],[-73.15764,41.22838],[-73.15908,41.22593],[-73.16031,41.22557],[-73.16109,41.22457],[-73.16283,41.22023],[-73.15445,41.1948],[-73.15467,41.19339],[-73.15377,41.19272],[-73.15481,41.19165],[-73.15518,41.19025],[-73.15482,41.18886],[-73.15513,41.18673],[-73.15422,41.18313],[-73.15542,41.17797],[-73.15931,41.17376],[-73.15875,41.17366],[-73.16136,41.16658],[-73.16215,41.16599],[-73.16366,41.16739],[-73.16376,41.16859],[-73.16145,41.17039],[-73.15945,41.17359],[-73.16135,41.17389],[-73.16125,41.17299],[-73.16448,41.17058],[-73.16507,41.17268],[-73.16515,41.17009],[-73.16595,41.16839],[-73.16456,41.16649],[-73.16505,41.16609],[-73.17046,41.16789],[-73.17036,41.16859],[-73.17185,41.16919],[-73.17285,41.16849],[-73.17835,41.17239],[-73.17496,41.17769],[-73.17316,41.18169],[-73.17226,41.18259],[-73.17116,41.18469],[-73.17145,41.18519],[-73.17195,41.18519],[-73.17406,41.18189],[-73.17535,41.18079],[-73.17815,41.17589],[-73.18085,41.17469],[-73.18115,41.17409],[-73.18126,41.17479],[-73.18166,41.17439],[-73.18146,41.17519],[-73.18265,41.17479],[-73.18446,41.17569],[-73.18455,41.17789],[-73.18526,41.17899],[-73.18545,41.18289],[-73.18896,41.18479],[-73.18896,41.18599],[-73.18938,41.18432],[-73.18835,41.18319],[-73.18645,41.18269],[-73.18645,41.17659],[-73.18507,41.17421],[-73.18506,41.17269],[-73.18406,41.17239],[-73.18025,41.16878],[-73.18066,41.16785],[-73.17943,41.16693],[-73.17955,41.16653],[-73.18166,41.16629],[-73.18446,41.16519],[-73.18485,41.16459],[-73.18462,41.16253],[-73.18526,41.16069],[-73.18686,41.15969],[-73.18925,41.15929],[-73.18996,41.16039],[-73.19726,41.15979],[-73.20266,41.15809],[-73.21106,41.15339],[-73.21596,41.14829],[-73.21616,41.14709],[-73.21516,41.14529],[-73.21545,41.14249],[-73.21686,41.14129],[-73.21786,41.14209],[-73.21725,41.14379],[-73.21586,41.14459],[-73.21645,41.14709],[-73.21616,41.15049],[-73.21676,41.15089],[-73.21625,41.15149],[-73.21715,41.15239],[-73.21676,41.15329],[-73.21136,41.15649],[-73.20906,41.15829],[-73.20875,41.15909],[-73.20846,41.15879],[-73.20795,41.15919],[-73.20476,41.16429],[-73.20116,41.16629],[-73.20466,41.16509],[-73.20445,41.16599],[-73.20486,41.16599],[-73.20776,41.16199],[-73.20906,41.16129],[-73.20926,41.16189],[-73.21006,41.16219],[-73.21046,41.16159],[-73.20966,41.16149],[-73.20946,41.16029],[-73.21096,41.15979],[-73.21186,41.15869],[-73.21386,41.15779],[-73.21606,41.15849],[-73.21586,41.15899],[-73.21666,41.15909],[-73.21756,41.15839],[-73.21995,41.15549],[-73.21815,41.15619],[-73.21696,41.15569],[-73.21796,41.15349],[-73.22056,41.15319],[-73.22026,41.15289],[-73.22105,41.15259],[-73.22156,41.15139],[-73.22375,41.15049],[-73.22356,41.14919],[-73.22295,41.14899],[-73.22266,41.14809],[-73.22765,41.14249],[-73.23484,41.14393],[-73.23508,41.14483],[-73.23443,41.14608],[-73.23286,41.1476],[-73.23314,41.14952],[-73.2337,41.1521],[-73.23609,41.15239],[-73.23722,41.15366],[-73.23723,41.15513],[-73.23388,41.15718],[-73.22886,41.16146],[-73.22745,41.163],[-73.22743,41.1641],[-73.22563,41.16476],[-73.22536,41.1656],[-73.22364,41.16688],[-73.2236,41.16765],[-73.22227,41.16893],[-73.22303,41.16949],[-73.22356,41.17114],[-73.22414,41.17088],[-73.2237,41.17016],[-73.22457,41.16957],[-73.22529,41.16969],[-73.22449,41.17052],[-73.22504,41.17082],[-73.22591,41.16949],[-73.22768,41.16898],[-73.2271,41.16967],[-73.22765,41.17022],[-73.227,41.17061],[-73.22722,41.17134],[-73.22577,41.17248],[-73.22572,41.17372],[-73.22341,41.17434],[-73.22289,41.17545],[-73.22304,41.17649],[-73.21928,41.17904],[-73.21912,41.18031],[-73.21963,41.18161],[-73.21777,41.1828],[-73.22037,41.18795],[-73.21914,41.19776],[-73.24417,41.22659],[-73.22292,41.2275],[-73.21244,41.22847],[-73.20729,41.22775],[-73.20545,41.22817],[-73.20461,41.22899],[-73.20149,41.22962],[-73.20107,41.2283],[-73.19662,41.22778]]],[[[-73.16273,41.16284],[-73.16405,41.16329],[-73.16226,41.16428],[-73.16273,41.16284]]],[[[-73.16336,41.16089],[-73.16441,41.15802],[-73.17165,41.15929],[-73.17016,41.16049],[-73.16965,41.16199],[-73.16775,41.16319],[-73.16715,41.16449],[-73.16656,41.16429],[-73.16625,41.16289],[-73.16336,41.16089]]]]}},{"type":"Feature","properties":{"name":"Bristol School District"},"geometry":{"type":"Polygon","coordinates":[[[-72.89375,41.69958],[-72.88339,41.64947],[-72.92391,41.64549],[-72.92365,41.64434],[-72.92213,41.64285],[-72.92195,41.64114],[-72.92778,41.64073],[-72.9286,41.64545],[-72.98308,41.63952],[-72.99855,41.7125],[-72.96136,41.71648],[-72.96198,41.71529],[-72.95927,41.71668],[-72.94656,41.71774],[-72.94409,41.71808],[-72.94308,41.71884],[-72.90503,41.72218],[-72.89827,41.72318],[-72.89564,41.7124],[-72.89375,41.69958]]]}},{"type":"Feature","properties":{"name":"Brookfield School District"},"geometry":{"type":"Polygon","coordinates":[[[-73.33166,41.47273],[-73.36431,41.43786],[-73.37868,41.41992],[-73.38014,41.42293],[-73.41579,41.43034],[-73.42378,41.45486],[-73.42485,41.45955],[-73.42972,41.46974],[-73.43005,41.46991],[-73.43026,41.46921],[-73.43128,41.46883],[-73.43269,41.47038],[-73.43317,41.472],[-73.43493,41.4719],[-73.43829,41.47406],[-73.4385,41.47328],[-73.43543,41.47086],[-73.43478,41.46894],[-73.43562,41.46623],[-73.43744,41.4655],[-73.44016,41.46983],[-73.44206,41.47049],[-73.44328,41.47241],[-73.44441,41.47756],[-73.44299,41.4791],[-73.44346,41.48092],[-73.44306,41.48234],[-73.44339,41.48402],[-73.44271,41.48538],[-73.44162,41.48545],[-73.43703,41.48361],[-73.44147,41.49129],[-73.43076,41.49799],[-73.41899,41.50147],[-73.40246,41.50909],[-73.38696,41.51479],[-73.38506,41.51249],[-73.38496,41.51099],[-73.38746,41.50909],[-73.38856,41.50649],[-73.38706,41.50519],[-73.38196,41.50359],[-73.37896,41.50189],[-73.37676,41.49899],[-73.37526,41.48919],[-73.3641,41.48528],[-73.35886,41.48209],[-73.34926,41.4794],[-73.34766,41.4781],[-73.33666,41.4757],[-73.33166,41.47273]]]}},{"type":"Feature","properties":{"name":"Brooklyn School District"},"geometry":{"type":"Polygon","coordinates":[[[-71.90618,41.82682],[-71.90787,41.82474],[-71.90794,41.82326],[-71.90686,41.82108],[-71.90837,41.81729],[-71.91148,41.81635],[-71.91392,41.81627],[-71.91431,41.81557],[-71.91184,41.81477],[-71.90867,41.81571],[-71.90621,41.81545],[-71.90201,41.81665],[-71.89955,41.81647],[-71.8965,41.81395],[-71.89481,41.81127],[-71.89488,41.81045],[-71.89569,41.80965],[-71.89796,41.80942],[-71.89893,41.80883],[-71.89901,41.80754],[-71.88725,41.80181],[-71.88647,41.80072],[-71.88659,41.79933],[-71.88571,41.79657],[-71.8864,41.79531],[-71.88853,41.79469],[-71.89013,41.79321],[-71.88974,41.78948],[-71.88872,41.78719],[-71.88896,41.78488],[-71.8906,41.78379],[-71.90374,41.78017],[-71.90581,41.77647],[-71.9057,41.77312],[-71.90633,41.77212],[-71.90917,41.77056],[-71.9105,41.76841],[-71.91352,41.76602],[-71.91444,41.76307],[-71.91724,41.75971],[-71.91803,41.75722],[-71.91399,41.75444],[-71.91292,41.75176],[-71.91388,41.74844],[-71.9153,41.74679],[-71.91409,41.74392],[-71.91394,41.74233],[-72.0229,41.75963],[-72.01801,41.78264],[-72.01449,41.80499],[-71.99197,41.80613],[-71.99226,41.81852],[-71.97763,41.81831],[-71.97806,41.82089],[-71.97666,41.82418],[-71.9766,41.82677],[-71.90618,41.82682]]]}},{"type":"Feature","properties":{"name":"Canaan School District"},"geometry":{"type":"Polygon","coordinates":[[[-73.2436,41.99402],[-73.24877,41.97037],[-73.24934,41.96434],[-73.26304,41.91619],[-73.34273,41.91831],[-73.36178,41.91835],[-73.36252,41.91925],[-73.36207,41.92224],[-73.36135,41.92299],[-73.35686,41.92499],[-73.35668,41.9261],[-73.35824,41.92812],[-73.36152,41.93048],[-73.36128,41.93391],[-73.36188,41.9345],[-73.36568,41.93532],[-73.36634,41.93609],[-73.36641,41.93762],[-73.36339,41.94171],[-73.36518,41.94201],[-73.36646,41.94321],[-73.36627,41.94628],[-73.3667,41.9476],[-73.37005,41.9513],[-73.36982,41.95491],[-73.37047,41.95592],[-73.36976,41.95732],[-73.37254,41.95933],[-73.37304,41.96019],[-73.37287,41.9619],[-73.37176,41.96343],[-73.36858,41.96542],[-73.36742,41.96752],[-73.36713,41.97116],[-73.36755,41.9722],[-73.37164,41.97651],[-73.37298,41.98056],[-73.37242,41.98216],[-73.37062,41.98322],[-73.36936,41.98335],[-73.36759,41.98212],[-73.3666,41.98247],[-73.36629,41.98309],[-73.36626,41.98459],[-73.368,41.98747],[-73.36674,41.99246],[-73.36752,41.99452],[-73.36492,41.9982],[-73.36574,41.99749],[-73.3663,41.99861],[-73.36935,41.99841],[-73.36738,41.99913],[-73.36666,42.00032],[-73.36537,42.00048],[-73.36565,41.9992],[-73.36496,41.99843],[-73.36381,41.99928],[-73.36413,42.00016],[-73.36367,42.00099],[-73.35862,42.00147],[-73.35736,42.00258],[-73.35665,42.00259],[-73.31659,42.00007],[-73.2436,41.99402]]]}},{"type":"Feature","properties":{"name":"Canterbury School District"},"geometry":{"type":"Polygon","coordinates":[[[-71.91394,41.74233],[-71.91418,41.74146],[-71.91796,41.73706],[-71.92215,41.73439],[-71.92374,41.73411],[-71.92946,41.73498],[-71.93148,41.73461],[-71.93254,41.73171],[-71.93348,41.73073],[-71.93545,41.72947],[-71.94169,41.72702],[-71.9439,41.72531],[-71.94483,41.72301],[-71.94571,41.72252],[-71.9502,41.72523],[-71.95319,41.72641],[-71.95626,41.72622],[-71.95755,41.72404],[-71.95729,41.72129],[-71.95813,41.71962],[-71.96277,41.71613],[-71.96628,41.71444],[-71.96395,41.71075],[-71.96405,41.70988],[-71.96541,41.70847],[-71.96226,41.70493],[-71.96238,41.70289],[-71.96182,41.70046],[-71.96267,41.69809],[-71.96241,41.69577],[-71.96006,41.69213],[-71.95929,41.69191],[-71.9568,41.69255],[-71.95474,41.68978],[-71.95463,41.68616],[-71.95624,41.68189],[-71.95565,41.67977],[-71.9534,41.67742],[-71.95351,41.67528],[-71.94842,41.67477],[-71.95498,41.6348],[-72.06205,41.65224],[-72.05345,41.68437],[-72.05294,41.68792],[-72.05618,41.70138],[-72.05256,41.73142],[-72.04583,41.73047],[-72.0229,41.75963],[-71.91394,41.74233]]]}},{"type":"Feature","properties":{"name":"Canton School District"},"geometry":{"type":"Polygon","coordinates":[[[-72.87664,41.9208],[-72.87302,41.83739],[-72.8702,41.81613],[-72.91585,41.81038],[-72.91536,41.80756],[-72.91977,41.80695],[-72.92032,41.80733],[-72.92118,41.80712],[-72.92384,41.80875],[-72.92381,41.80817],[-72.92478,41.80843],[-72.92562,41.80921],[-72.94902,41.80643],[-72.93635,41.8398],[-72.93679,41.84074],[-72.9391,41.84251],[-72.94224,41.84345],[-72.94653,41.84363],[-72.95063,41.84271],[-72.95177,41.84285],[-72.95274,41.84562],[-72.95365,41.84668],[-72.95339,41.84724],[-72.95385,41.84845],[-72.95364,41.85392],[-72.94634,41.87403],[-72.94618,41.87723],[-72.94065,41.8952],[-72.91535,41.8968],[-72.90594,41.9217],[-72.87664,41.9208]]]}},{"type":"Feature","properties":{"name":"Chaplin School District"},"geometry":{"type":"Polygon","coordinates":[[[-72.11399,41.83169],[-72.09245,41.83167],[-72.09276,41.81419],[-72.09657,41.76832],[-72.09973,41.75711],[-72.10263,41.74444],[-72.11204,41.7459],[-72.12252,41.74877],[-72.15632,41.75349],[-72.15673,41.75379],[-72.1645,41.83491],[-72.13083,41.83444],[-72.11399,41.83169]]]}},{"type":"Feature","properties":{"name":"Cheshire School District"},"geometry":{"type":"Polygon","coordinates":[[[-72.85315,41.54641],[-72.85169,41.54029],[-72.85361,41.53348],[-72.85798,41.53455],[-72.86123,41.5281],[-72.86049,41.52756],[-72.85798,41.52724],[-72.85777,41.52637],[-72.85308,41.52493],[-72.8538,41.52221],[-72.85137,41.51596],[-72.8503,41.51573],[-72.84957,41.51459],[-72.84861,41.50985],[-72.8463,41.50283],[-72.85327,41.49456],[-72.8527,41.49435],[-72.87738,41.46118],[-72.87664,41.45968],[-72.87813,41.45752],[-72.87985,41.45607],[-72.88667,41.44796],[-72.91693,41.45971],[-72.92674,41.4603],[-72.93594,41.4627],[-72.95239,41.46459],[-72.95007,41.46912],[-72.94996,41.47175],[-72.9491,41.47291],[-72.94771,41.47743],[-72.94725,41.47822],[-72.94541,41.47851],[-72.94436,41.47943],[-72.94434,41.48158],[-72.94373,41.48327],[-72.94404,41.48439],[-72.94352,41.48619],[-72.94365,41.48846],[-72.9415,41.49166],[-72.94124,41.49518],[-72.93986,41.49636],[-72.93762,41.49714],[-72.93465,41.50125],[-72.935,41.50419],[-72.93474,41.50671],[-72.93506,41.50756],[-72.94013,41.51306],[-72.94045,41.51417],[-72.94123,41.51433],[-72.94896,41.52268],[-72.95322,41.52393],[-72.96936,41.53023],[-72.95679,41.5553],[-72.88388,41.56381],[-72.87926,41.56315],[-72.87975,41.56245],[-72.87412,41.55932],[-72.87331,41.55649],[-72.8719,41.557],[-72.87192,41.55487],[-72.86951,41.55453],[-72.86929,41.55351],[-72.86823,41.55224],[-72.86781,41.54903],[-72.85315,41.54641]]]}},{"type":"Feature","properties":{"name":"Chester School District"},"geometry":{"type":"Polygon","coordinates":[[[-72.4298,41.40125],[-72.43356,41.4018],[-72.43623,41.40064],[-72.43709,41.39963],[-72.43707,41.39776],[-72.4393,41.3961],[-72.44231,41.39259],[-72.45997,41.38659],[-72.45457,41.38238],[-72.49856,41.37879],[-72.51603,41.37655],[-72.52406,41.37618],[-72.53878,41.42149],[-72.52416,41.42481],[-72.50302,41.427],[-72.45369,41.43332],[-72.44942,41.43121],[-72.44134,41.42878],[-72.43782,41.42604],[-72.43224,41.4173],[-72.42886,41.41314],[-72.4281,41.4106],[-72.42813,41.40895],[-72.4288,41.40753],[-72.43081,41.40738],[-72.43156,41.40779],[-72.43169,41.40843],[-72.43075,41.41037],[-72.43074,41.41106],[-72.43132,41.41154],[-72.43336,41.41211],[-72.43639,41.41115],[-72.4384,41.41202],[-72.44153,41.41005],[-72.44302,41.40786],[-72.44311,41.4069],[-72.44262,41.40694],[-72.44004,41.41056],[-72.43895,41.41124],[-72.43587,41.41069],[-72.43281,41.41147],[-72.43178,41.41078],[-72.43256,41.40882],[-72.43224,41.40742],[-72.4298,41.40667],[-72.43129,41.40589],[-72.42932,41.40475],[-72.4298,41.40125]]]}},{"type":"Feature","properties":{"name":"Clinton School District"},"geometry":{"type":"MultiPolygon","coordinates":[[[[-72.51203,41.3416],[-72.49955,41.30774],[-72.49956,41.30622],[-72.49883,41.30459],[-72.49953,41.30429],[-72.49863,41.30169],[-72.49963,41.30059],[-72.49834,41.30023],[-72.49893,41.29933],[-72.49863,41.29853],[-72.49793,41.29823],[-72.49763,41.29643],[-72.49673,41.29583],[-72.49723,41.29833],[-72.49523,41.29493],[-72.49683,41.29343],[-72.49673,41.29183],[-72.49503,41.29059],[-72.49363,41.28799],[-72.49303,41.28719],[-72.49257,41.28723],[-72.48623,41.27069],[-72.48963,41.26909],[-72.49863,41.26629],[-72.50233,41.26399],[-72.50753,41.25879],[-72.50674,41.25689],[-72.50944,41.25599],[-72.51493,41.25829],[-72.51874,41.25759],[-72.51894,41.25799],[-72.51843,41.25859],[-72.51874,41.26129],[-72.51963,41.26199],[-72.52023,41.26459],[-72.52043,41.26609],[-72.52003,41.26659],[-72.52074,41.26859],[-72.52074,41.27019],[-72.51984,41.27039],[-72.51953,41.26999],[-72.51884,41.26709],[-72.51753,41.26529],[-72.51483,41.26479],[-72.51373,41.26569],[-72.51313,41.26489],[-72.51113,41.26589],[-72.51144,41.26679],[-72.51083,41.26709],[-72.50893,41.26659],[-72.50954,41.26579],[-72.50643,41.26479],[-72.50323,41.26629],[-72.50413,41.26739],[-72.50323,41.26799],[-72.50143,41.26809],[-72.50014,41.26919],[-72.50124,41.26889],[-72.50163,41.26829],[-72.50343,41.26819],[-72.50453,41.26759],[-72.50443,41.26689],[-72.50363,41.26639],[-72.50653,41.26509],[-72.50883,41.26599],[-72.50833,41.26669],[-72.51093,41.26749],[-72.51173,41.26699],[-72.51173,41.26579],[-72.51293,41.26529],[-72.51343,41.26609],[-72.51433,41.26619],[-72.51443,41.26539],[-72.51713,41.26579],[-72.51923,41.27019],[-72.52064,41.27069],[-72.52143,41.26999],[-72.52303,41.27069],[-72.52333,41.27239],[-72.52273,41.27249],[-72.52273,41.27319],[-72.52413,41.27339],[-72.52373,41.27429],[-72.52444,41.27549],[-72.52624,41.27539],[-72.52644,41.27579],[-72.52473,41.27679],[-72.52523,41.28009],[-72.52423,41.28129],[-72.52323,41.28119],[-72.52154,41.28189],[-72.52223,41.28199],[-72.52303,41.28349],[-72.52243,41.28459],[-72.52293,41.28409],[-72.52544,41.28569],[-72.52333,41.28379],[-72.52283,41.28189],[-72.52503,41.28109],[-72.52563,41.27979],[-72.52513,41.27699],[-72.52734,41.27529],[-72.52563,41.27479],[-72.52473,41.27499],[-72.52423,41.27439],[-72.52473,41.27379],[-72.52454,41.27309],[-72.52383,41.27299],[-72.52383,41.27159],[-72.52463,41.27019],[-72.52323,41.26959],[-72.52344,41.26909],[-72.52603,41.26919],[-72.53564,41.26789],[-72.54053,41.26559],[-72.54153,41.26449],[-72.54453,41.26309],[-72.54623,41.26289],[-72.54684,41.26329],[-72.54684,41.26519],[-72.54494,41.26619],[-72.54623,41.26579],[-72.54655,41.26955],[-72.54584,41.26979],[-72.54664,41.27009],[-72.54694,41.27139],[-72.54453,41.27319],[-72.54433,41.27379],[-72.54484,41.27529],[-72.54784,41.27739],[-72.54603,41.27969],[-72.54599,41.28034],[-72.54933,41.28229],[-72.55173,41.28069],[-72.55443,41.28069],[-72.55694,41.28199],[-72.55694,41.28339],[-72.55753,41.28419],[-72.55929,41.2849],[-72.56033,41.28739],[-72.56084,41.28739],[-72.56154,41.28849],[-72.56393,41.2887],[-72.56563,41.29239],[-72.56693,41.29309],[-72.56756,41.29417],[-72.57004,41.29449],[-72.57063,41.29559],[-72.56984,41.29659],[-72.5716,41.29749],[-72.57074,41.29759],[-72.5707,41.298],[-72.57594,41.30091],[-72.57613,41.30229],[-72.57764,41.30339],[-72.57924,41.30399],[-72.58182,41.30399],[-72.58114,41.30489],[-72.58129,41.30551],[-72.58263,41.30649],[-72.58544,41.30726],[-72.58604,41.30909],[-72.58563,41.30986],[-72.58359,41.31089],[-72.57358,41.31483],[-72.55882,41.32231],[-72.53173,41.33676],[-72.51203,41.3416]]],[[[-72.53174,41.26289],[-72.53353,41.26289],[-72.53403,41.26159],[-72.53673,41.25809],[-72.53673,41.25619],[-72.53614,41.2547],[-72.54582,41.26029],[-72.54494,41.26039],[-72.54363,41.25969],[-72.54214,41.26049],[-72.53873,41.26049],[-72.53243,41.26449],[-72.52953,41.26489],[-72.52773,41.26579],[-72.52753,41.26639],[-72.52534,41.26709],[-72.52454,41.26669],[-72.52483,41.26559],[-72.52593,41.26489],[-72.52933,41.26439],[-72.53174,41.26289]]],[[[-72.49263,41.28749],[-72.49303,41.28749],[-72.49374,41.28939],[-72.49603,41.29159],[-72.49654,41.29279],[-72.49654,41.29329],[-72.49503,41.29439],[-72.49263,41.28749]]],[[[-72.49753,41.29919],[-72.49803,41.29859],[-72.49853,41.29909],[-72.49793,41.29969],[-72.49753,41.29919]]]]}},{"type":"Feature","properties":{"name":"Colchester School District"},"geometry":{"type":"Polygon","coordinates":[[[-72.21911,41.53882],[-72.31367,41.5193],[-72.32293,41.51812],[-72.32339,41.53425],[-72.35858,41.53144],[-72.36163,41.53082],[-72.43077,41.52457],[-72.44395,41.54642],[-72.44685,41.55038],[-72.44655,41.55066],[-72.44686,41.55137],[-72.45081,41.55668],[-72.46673,41.5839],[-72.41723,41.5906],[-72.41037,41.60258],[-72.40848,41.60233],[-72.40606,41.59879],[-72.40127,41.59563],[-72.39934,41.59486],[-72.39748,41.59483],[-72.38415,41.58865],[-72.38347,41.59025],[-72.38396,41.59055],[-72.38237,41.59207],[-72.38223,41.59362],[-72.38106,41.59416],[-72.38079,41.59535],[-72.37761,41.59624],[-72.3774,41.59703],[-72.37659,41.59756],[-72.37709,41.59845],[-72.37637,41.59884],[-72.37613,41.60028],[-72.37521,41.6014],[-72.37433,41.60141],[-72.37109,41.59947],[-72.36782,41.6002],[-72.36522,41.59978],[-72.36372,41.60116],[-72.36249,41.60119],[-72.35927,41.59847],[-72.35621,41.59755],[-72.35244,41.59905],[-72.34354,41.59925],[-72.32809,41.60547],[-72.32451,41.61857],[-72.31312,41.60952],[-72.30951,41.61151],[-72.26196,41.574],[-72.24741,41.56037],[-72.22909,41.54728],[-72.21911,41.53882]]]}},{"type":"Feature","properties":{"name":"Colebrook School District"},"geometry":{"type":"Polygon","coordinates":[[[-73.12723,42.04213],[-73.00877,42.03879],[-73.02054,42.00009],[-73.02954,41.96661],[-73.06424,41.96391],[-73.15149,41.95973],[-73.13981,42.00048],[-73.12723,42.04213]]]}},{"type":"Feature","properties":{"name":"Columbia School District"},"geometry":{"type":"Polygon","coordinates":[[[-72.2466,41.7229],[-72.24529,41.72049],[-72.24425,41.71692],[-72.24281,41.71645],[-72.23956,41.71419],[-72.2401,41.7136],[-72.24266,41.71307],[-72.24286,41.71409],[-72.24344,41.71386],[-72.24401,41.71441],[-72.24472,41.71406],[-72.24494,41.7138],[-72.24372,41.71306],[-72.24329,41.71212],[-72.24466,41.71177],[-72.24462,41.71079],[-72.2457,41.71095],[-72.24657,41.70827],[-72.24768,41.70877],[-72.2473,41.70693],[-72.24402,41.70653],[-72.24428,41.70517],[-72.24519,41.70511],[-72.24598,41.70372],[-72.24725,41.70412],[-72.25125,41.70332],[-72.25144,41.70148],[-72.25004,41.69965],[-72.25066,41.69909],[-72.25201,41.69908],[-72.25384,41.70043],[-72.25537,41.7005],[-72.25772,41.69979],[-72.25842,41.69844],[-72.26073,41.69865],[-72.26088,41.69668],[-72.26168,41.69606],[-72.26128,41.69535],[-72.26204,41.69483],[-72.26235,41.6939],[-72.26352,41.69334],[-72.26394,41.69183],[-72.26525,41.69161],[-72.26576,41.69089],[-72.26656,41.69067],[-72.26752,41.69131],[-72.26819,41.69277],[-72.26921,41.69154],[-72.27012,41.69133],[-72.27332,41.69286],[-72.27431,41.69261],[-72.27404,41.6918],[-72.27475,41.69061],[-72.26939,41.68571],[-72.2696,41.68474],[-72.26786,41.68153],[-72.26739,41.67817],[-72.26614,41.67727],[-72.26747,41.67591],[-72.26702,41.6746],[-72.26812,41.67303],[-72.26842,41.67114],[-72.27867,41.67198],[-72.30364,41.65398],[-72.33423,41.6436],[-72.35153,41.68717],[-72.35648,41.7015],[-72.35072,41.71188],[-72.34262,41.72233],[-72.33034,41.73621],[-72.32887,41.73882],[-72.32768,41.73802],[-72.32856,41.73638],[-72.3275,41.73564],[-72.32713,41.73448],[-72.3231,41.73362],[-72.32194,41.73385],[-72.32093,41.73316],[-72.32061,41.73225],[-72.31817,41.732],[-72.31734,41.73134],[-72.3166,41.73197],[-72.31505,41.73115],[-72.31349,41.73101],[-72.311,41.7316],[-72.30698,41.72904],[-72.3025,41.72767],[-72.30112,41.72567],[-72.30029,41.72521],[-72.29742,41.72627],[-72.29461,41.72499],[-72.28476,41.72511],[-72.28363,41.72391],[-72.28484,41.72388],[-72.28438,41.72248],[-72.28389,41.72233],[-72.28377,41.72294],[-72.28254,41.72312],[-72.2822,41.72193],[-72.28109,41.72209],[-72.27919,41.7237],[-72.27843,41.72287],[-72.27807,41.72401],[-72.27715,41.72258],[-72.27551,41.72173],[-72.27692,41.72096],[-72.27618,41.72034],[-72.27403,41.72108],[-72.27167,41.72098],[-72.26833,41.71995],[-72.26538,41.71762],[-72.26331,41.71804],[-72.25884,41.7223],[-72.25625,41.72204],[-72.25335,41.72099],[-72.25274,41.7212],[-72.25245,41.7222],[-72.24918,41.72319],[-72.24809,41.72303],[-72.2483,41.72179],[-72.2466,41.7229]]]}},{"type":"Feature","properties":{"name":"Cornwall School District"},"geometry":{"type":"Polygon","coordinates":[[[-73.26304,41.91619],[-73.27511,41.87376],[-73.30012,41.78163],[-73.30137,41.779],[-73.41484,41.78145],[-73.40769,41.79216],[-73.39958,41.79877],[-73.39393,41.80594],[-73.39176,41.80746],[-73.38949,41.80706],[-73.38645,41.80824],[-73.38112,41.81214],[-73.37711,41.81388],[-73.37396,41.81682],[-73.37267,41.82036],[-73.37161,41.82154],[-73.3719,41.82282],[-73.37387,41.82507],[-73.37673,41.82484],[-73.37864,41.82565],[-73.38295,41.82898],[-73.38412,41.83098],[-73.38227,41.83382],[-73.37794,41.83756],[-73.37761,41.83956],[-73.37638,41.84105],[-73.37418,41.84553],[-73.37378,41.84706],[-73.37404,41.84803],[-73.37575,41.85031],[-73.37576,41.85102],[-73.37394,41.85322],[-73.37374,41.85426],[-73.37461,41.8581],[-73.37389,41.86066],[-73.37115,41.8642],[-73.36929,41.86549],[-73.36905,41.86756],[-73.36829,41.86838],[-73.3656,41.86895],[-73.36448,41.86863],[-73.36368,41.86919],[-73.36383,41.8716],[-73.36542,41.875],[-73.36508,41.87868],[-73.36582,41.88303],[-73.36538,41.88428],[-73.35939,41.88635],[-73.35779,41.88818],[-73.35796,41.89013],[-73.35872,41.8919],[-73.35886,41.89536],[-73.36065,41.89706],[-73.36109,41.89813],[-73.35964,41.90321],[-73.36059,41.90628],[-73.36127,41.91167],[-73.36089,41.91631],[-73.3611,41.91756],[-73.36178,41.91835],[-73.34273,41.91831],[-73.26304,41.91619]]]}},{"type":"Feature","properties":{"name":"Coventry School District"},"geometry":{"type":"Polygon","coordinates":[[[-72.30974,41.83777],[-72.31018,41.83492],[-72.30841,41.83292],[-72.31024,41.83102],[-72.31069,41.82958],[-72.31307,41.82941],[-72.31405,41.82826],[-72.31407,41.82755],[-72.31282,41.82695],[-72.314,41.82246],[-72.31307,41.82043],[-72.31382,41.81852],[-72.31678,41.81636],[-72.31668,41.8145],[-72.31501,41.81316],[-72.31488,41.81258],[-72.31532,41.80929],[-72.31672,41.80822],[-72.3161,41.80774],[-72.31595,41.80538],[-72.31022,41.80293],[-72.30952,41.80212],[-72.30976,41.80062],[-72.31118,41.79958],[-72.3126,41.79937],[-72.31283,41.79831],[-72.30901,41.79629],[-72.30592,41.79539],[-72.30354,41.79731],[-72.30272,41.79746],[-72.30223,41.79693],[-72.29964,41.79712],[-72.29644,41.79574],[-72.29599,41.79501],[-72.29156,41.79533],[-72.28097,41.78475],[-72.28023,41.78156],[-72.28055,41.77946],[-72.27566,41.77665],[-72.27519,41.77378],[-72.27198,41.7712],[-72.27202,41.76786],[-72.27241,41.76716],[-72.27082,41.76573],[-72.27105,41.76428],[-72.26969,41.76416],[-72.26889,41.7629],[-72.26891,41.76214],[-72.27069,41.7611],[-72.27087,41.75976],[-72.2679,41.75638],[-72.26645,41.75393],[-72.26569,41.75068],[-72.26697,41.74824],[-72.26965,41.74604],[-72.26759,41.74551],[-72.26754,41.74505],[-72.2684,41.74474],[-72.26598,41.74388],[-72.26475,41.74218],[-72.26496,41.74126],[-72.26353,41.74047],[-72.26364,41.73936],[-72.2625,41.73834],[-72.26301,41.7369],[-72.26161,41.73669],[-72.2616,41.73562],[-72.26068,41.73414],[-72.26134,41.73248],[-72.25982,41.72973],[-72.25368,41.72939],[-72.25198,41.72728],[-72.2532,41.7258],[-72.25299,41.72492],[-72.25201,41.72424],[-72.24952,41.72447],[-72.24709,41.72349],[-72.2466,41.7229],[-72.24781,41.72194],[-72.24848,41.72193],[-72.24809,41.72303],[-72.24918,41.72319],[-72.25245,41.7222],[-72.25274,41.7212],[-72.25335,41.72099],[-72.25625,41.72204],[-72.25884,41.7223],[-72.26331,41.71804],[-72.26538,41.71762],[-72.26833,41.71995],[-72.27167,41.72098],[-72.27403,41.72108],[-72.27618,41.72034],[-72.27692,41.72096],[-72.27551,41.72173],[-72.27715,41.72258],[-72.27807,41.72401],[-72.27843,41.72287],[-72.27919,41.7237],[-72.28109,41.72209],[-72.2822,41.72193],[-72.28254,41.72312],[-72.28377,41.72294],[-72.28389,41.72233],[-72.28438,41.72248],[-72.28484,41.72388],[-72.28363,41.72391],[-72.28476,41.72511],[-72.29461,41.72499],[-72.29742,41.72627],[-72.30029,41.72521],[-72.30112,41.72567],[-72.3025,41.72767],[-72.30698,41.72904],[-72.311,41.7316],[-72.31349,41.73101],[-72.31505,41.73115],[-72.3166,41.73197],[-72.31734,41.73134],[-72.31817,41.732],[-72.32061,41.73225],[-72.32093,41.73316],[-72.32194,41.73385],[-72.3231,41.73362],[-72.32713,41.73448],[-72.3275,41.73564],[-72.32856,41.73638],[-72.32774,41.73811],[-72.32887,41.73882],[-72.35457,41.76715],[-72.38092,41.76386],[-72.41025,41.76551],[-72.41627,41.79577],[-72.41899,41.80697],[-72.42153,41.8255],[-72.37608,41.82996],[-72.30974,41.83777]]]}},{"type":"Feature","properties":{"name":"Cromwell School District"},"geometry":{"type":"MultiPolygon","coordinates":[[[[-72.62366,41.60389],[-72.62805,41.60211],[-72.63995,41.59549],[-72.64336,41.58717],[-72.65016,41.57849],[-72.65121,41.57473],[-72.65111,41.57344],[-72.65403,41.57229],[-72.65451,41.57323],[-72.6561,41.5734],[-72.65623,41.57608],[-72.65532,41.57764],[-72.65684,41.57751],[-72.65821,41.57909],[-72.66025,41.5787],[-72.66091,41.57899],[-72.66113,41.58026],[-72.66545,41.58188],[-72.6681,41.58355],[-72.66844,41.58495],[-72.6679,41.58625],[-72.6655,41.58663],[-72.66538,41.5871],[-72.66729,41.58924],[-72.66678,41.59034],[-72.66728,41.59142],[-72.668,41.5919],[-72.6683,41.59142],[-72.66948,41.59127],[-72.67036,41.59173],[-72.67319,41.59469],[-72.67309,41.59589],[-72.67205,41.59676],[-72.67181,41.59763],[-72.67276,41.59895],[-72.67397,41.59966],[-72.67519,41.59979],[-72.67627,41.59849],[-72.67823,41.59733],[-72.67951,41.59713],[-72.68032,41.59737],[-72.68096,41.60049],[-72.68407,41.60186],[-72.68921,41.60077],[-72.69369,41.60161],[-72.69651,41.60034],[-72.69898,41.60158],[-72.70355,41.60237],[-72.70532,41.60333],[-72.70805,41.60265],[-72.70886,41.60388],[-72.71083,41.60262],[-72.71313,41.60272],[-72.71592,41.60642],[-72.71364,41.61074],[-72.71257,41.61668],[-72.71113,41.61804],[-72.71284,41.61893],[-72.71329,41.62084],[-72.71553,41.62282],[-72.71591,41.625],[-72.7139,41.62771],[-72.63013,41.63979],[-72.63248,41.63251],[-72.63277,41.62748],[-72.62935,41.62233],[-72.62842,41.62013],[-72.62619,41.61805],[-72.62323,41.61646],[-72.62131,41.61417],[-72.62038,41.61376],[-72.62065,41.6132],[-72.61941,41.61041],[-72.62038,41.60712],[-72.62366,41.60389]]],[[[-72.64822,41.58022],[-72.64713,41.57991],[-72.64892,41.57592],[-72.6488,41.57524],[-72.65029,41.57407],[-72.64964,41.57783],[-72.64828,41.5793],[-72.64822,41.58022]]]]}},{"type":"Feature","properties":{"name":"Danbury School District"},"geometry":{"type":"Polygon","coordinates":[[[-73.40596,41.42819],[-73.40602,41.41544],[-73.4009,41.40317],[-73.40498,41.40264],[-73.40473,41.40122],[-73.40567,41.4008],[-73.4067,41.39882],[-73.40663,41.39802],[-73.40784,41.39715],[-73.4071,41.39613],[-73.40729,41.39574],[-73.42393,41.38235],[-73.43265,41.37848],[-73.43502,41.3724],[-73.43423,41.36832],[-73.43337,41.36675],[-73.43058,41.35573],[-73.42417,41.33488],[-73.4701,41.32642],[-73.4854,41.35662],[-73.50157,41.362],[-73.50485,41.3734],[-73.50644,41.37741],[-73.54362,41.37509],[-73.54147,41.40439],[-73.53709,41.43971],[-73.53633,41.44053],[-73.51428,41.44564],[-73.48536,41.45126],[-73.46899,41.45551],[-73.466,41.45574],[-73.43937,41.46099],[-73.42694,41.46383],[-73.42485,41.45955],[-73.42378,41.45486],[-73.41579,41.43034],[-73.40596,41.42819]]]}},{"type":"Feature","properties":{"name":"Darien School District"},"geometry":{"type":"MultiPolygon","coordinates":[[[[-73.47456,41.1147],[-73.46208,41.10107],[-73.45552,41.09286],[-73.45398,41.09167],[-73.45355,41.09191],[-73.45335,41.08838],[-73.45383,41.08748],[-73.45236,41.08768],[-73.45176,41.08866],[-73.4513,41.0886],[-73.45063,41.08811],[-73.45022,41.08652],[-73.44819,41.08604],[-73.44747,41.08501],[-73.44685,41.08248],[-73.44712,41.08137],[-73.44631,41.07875],[-73.44658,41.0782],[-73.44593,41.07648],[-73.44663,41.07633],[-73.44695,41.07567],[-73.4478,41.07093],[-73.44617,41.07073],[-73.44467,41.06876],[-73.44746,41.06383],[-73.44766,41.06073],[-73.44936,41.05979],[-73.44916,41.06069],[-73.45016,41.06099],[-73.45226,41.05879],[-73.45077,41.05849],[-73.44696,41.06069],[-73.44686,41.05739],[-73.45006,41.05629],[-73.45036,41.05709],[-73.45346,41.05639],[-73.45336,41.05449],[-73.45986,41.05199],[-73.46056,41.05289],[-73.46156,41.05219],[-73.46126,41.05419],[-73.45836,41.05529],[-73.45586,41.05789],[-73.45626,41.05829],[-73.45737,41.05709],[-73.45816,41.05719],[-73.45727,41.05929],[-73.45637,41.05899],[-73.45336,41.06179],[-73.45246,41.06169],[-73.45196,41.06339],[-73.45256,41.06429],[-73.45246,41.06339],[-73.45606,41.05999],[-73.46017,41.05839],[-73.46176,41.05919],[-73.46206,41.06099],[-73.46287,41.05789],[-73.46496,41.05749],[-73.46506,41.05829],[-73.46336,41.05919],[-73.46596,41.06149],[-73.46847,41.05769],[-73.47037,41.05679],[-73.47116,41.05689],[-73.47186,41.05599],[-73.47006,41.05669],[-73.47016,41.05549],[-73.47116,41.05489],[-73.47346,41.05549],[-73.47526,41.05419],[-73.47487,41.05599],[-73.47536,41.05619],[-73.47546,41.05389],[-73.46667,41.05459],[-73.46706,41.05159],[-73.46786,41.05209],[-73.46886,41.05019],[-73.47196,41.04999],[-73.47227,41.05099],[-73.47436,41.05099],[-73.47486,41.05049],[-73.47376,41.04779],[-73.47687,41.04879],[-73.47606,41.04459],[-73.47526,41.04439],[-73.47227,41.04849],[-73.46996,41.04799],[-73.47046,41.04639],[-73.47736,41.03599],[-73.47826,41.03589],[-73.47906,41.03639],[-73.48226,41.04429],[-73.48376,41.04499],[-73.48347,41.04669],[-73.48247,41.04619],[-73.48247,41.04739],[-73.48296,41.04729],[-73.48126,41.04989],[-73.48076,41.05209],[-73.48147,41.05329],[-73.48026,41.05349],[-73.47706,41.05769],[-73.47736,41.06069],[-73.47587,41.06209],[-73.47597,41.06359],[-73.47376,41.06599],[-73.47646,41.06339],[-73.47697,41.06179],[-73.47826,41.06099],[-73.47916,41.06169],[-73.47796,41.05889],[-73.47936,41.05659],[-73.47877,41.05589],[-73.47936,41.05549],[-73.48057,41.05639],[-73.48406,41.05249],[-73.48496,41.05289],[-73.48396,41.05109],[-73.48216,41.05129],[-73.48316,41.04949],[-73.48396,41.05039],[-73.48406,41.04649],[-73.48617,41.04429],[-73.48946,41.04359],[-73.48826,41.04249],[-73.48686,41.04309],[-73.48627,41.04199],[-73.48946,41.04009],[-73.489,41.04206],[-73.48987,41.04269],[-73.49097,41.04229],[-73.49046,41.04509],[-73.49289,41.04686],[-73.49357,41.04899],[-73.49606,41.04878],[-73.49286,41.05179],[-73.49146,41.05119],[-73.49226,41.04949],[-73.49126,41.04929],[-73.48887,41.05159],[-73.48956,41.05199],[-73.48976,41.05139],[-73.49126,41.05309],[-73.49016,41.05329],[-73.49026,41.05379],[-73.49126,41.05379],[-73.49236,41.05449],[-73.49277,41.05349],[-73.49496,41.05399],[-73.49536,41.05489],[-73.49637,41.05519],[-73.49637,41.05629],[-73.49766,41.05569],[-73.49806,41.05609],[-73.50046,41.05609],[-73.50567,41.05859],[-73.50814,41.06208],[-73.5091,41.06574],[-73.51014,41.06719],[-73.50974,41.06985],[-73.51008,41.07083],[-73.51081,41.0711],[-73.51134,41.07268],[-73.51373,41.07306],[-73.51539,41.07434],[-73.51463,41.07477],[-73.51612,41.07566],[-73.51815,41.08027],[-73.51697,41.08117],[-73.51672,41.0828],[-73.51604,41.08359],[-73.51674,41.08432],[-73.51672,41.08508],[-73.51552,41.08568],[-73.5146,41.08771],[-73.51462,41.08873],[-73.51566,41.08934],[-73.51439,41.09156],[-73.51489,41.09442],[-73.51315,41.0971],[-73.51243,41.09935],[-73.51175,41.09955],[-73.51048,41.10174],[-73.51075,41.10247],[-73.50982,41.10286],[-73.50945,41.10384],[-73.50944,41.10481],[-73.51159,41.10603],[-73.51151,41.10747],[-73.51015,41.10929],[-73.50784,41.11011],[-73.50651,41.10956],[-73.50076,41.11441],[-73.48664,41.11423],[-73.48559,41.11385],[-73.47456,41.1147]]],[[[-73.45656,41.04819],[-73.45766,41.04779],[-73.45746,41.04829],[-73.45656,41.04819]]],[[[-73.46076,41.04939],[-73.46166,41.04929],[-73.46116,41.05029],[-73.46056,41.05009],[-73.46076,41.04939]]],[[[-73.45796,41.05049],[-73.45876,41.04929],[-73.45936,41.05029],[-73.45796,41.05049]]],[[[-73.46226,41.05339],[-73.46326,41.05299],[-73.46216,41.05399],[-73.46226,41.05339]]],[[[-73.45856,41.05609],[-73.45896,41.05599],[-73.45856,41.05649],[-73.45856,41.05609]]],[[[-73.46426,41.05669],[-73.46477,41.05629],[-73.46477,41.05689],[-73.46426,41.05669]]],[[[-73.46736,41.05769],[-73.46766,41.05759],[-73.46786,41.05789],[-73.46736,41.05769]]],[[[-73.44405,41.06835],[-73.44409,41.06826],[-73.44406,41.06838],[-73.44405,41.06835]]]]}},{"type":"Feature","properties":{"name":"Deep River School District"},"geometry":{"type":"Polygon","coordinates":[[[-72.4298,41.40125],[-72.42938,41.39923],[-72.42586,41.39491],[-72.42452,41.39119],[-72.42349,41.38995],[-72.42297,41.38776],[-72.42245,41.38776],[-72.42245,41.38963],[-72.41927,41.3881],[-72.41811,41.38872],[-72.40558,41.3869],[-72.40178,41.38766],[-72.40011,41.38734],[-72.39152,41.38501],[-72.38747,41.38069],[-72.39415,41.37822],[-72.41294,41.37411],[-72.42523,41.3645],[-72.44606,41.35618],[-72.46866,41.34554],[-72.47272,41.33421],[-72.47693,41.3345],[-72.49823,41.3476],[-72.51395,41.3464],[-72.52406,41.37618],[-72.51603,41.37655],[-72.49856,41.37879],[-72.45457,41.38238],[-72.45997,41.38659],[-72.44231,41.39259],[-72.4393,41.3961],[-72.43707,41.39776],[-72.43709,41.39963],[-72.43623,41.40064],[-72.43356,41.4018],[-72.4298,41.40125]]]}},{"type":"Feature","properties":{"name":"Derby School District"},"geometry":{"type":"MultiPolygon","coordinates":[[[[-73.0954,41.33921],[-73.09286,41.33946],[-73.09113,41.33872],[-73.0897,41.3377],[-73.08821,41.33512],[-73.07967,41.33096],[-73.08175,41.32959],[-73.08403,41.32618],[-73.08365,41.32479],[-73.08195,41.32249],[-73.08265,41.31779],[-73.08155,41.31609],[-73.08205,41.31509],[-73.08455,41.31659],[-73.08495,41.31609],[-73.08225,41.31379],[-73.08475,41.31429],[-73.08465,41.31399],[-73.08625,41.31489],[-73.08835,41.31809],[-73.08985,41.31869],[-73.09375,41.32179],[-73.09975,41.32469],[-73.10326,41.32739],[-73.11295,41.33139],[-73.11595,41.33369],[-73.11645,41.33499],[-73.11626,41.33739],[-73.11795,41.33919],[-73.11825,41.33879],[-73.11726,41.33749],[-73.11906,41.33829],[-73.11765,41.33689],[-73.11795,41.33659],[-73.12196,41.34159],[-73.12215,41.34339],[-73.12396,41.34559],[-73.11935,41.34757],[-73.10235,41.3529],[-73.09579,41.34073],[-73.09585,41.3397],[-73.0954,41.33921]]],[[[-73.07228,41.32692],[-73.06686,41.32661],[-73.06502,41.32525],[-73.05626,41.32383],[-73.05351,41.32461],[-73.03914,41.32665],[-73.04071,41.31389],[-73.04911,41.3113],[-73.05313,41.31149],[-73.0532,41.31114],[-73.0567,41.31217],[-73.05898,41.31163],[-73.06175,41.31008],[-73.06503,41.30613],[-73.06481,41.30532],[-73.06587,41.30452],[-73.06745,41.30139],[-73.07346,41.30489],[-73.07685,41.30779],[-73.07775,41.31119],[-73.08055,41.31389],[-73.08155,41.31909],[-73.08115,41.32389],[-73.08205,41.32509],[-73.08135,41.32629],[-73.08095,41.32899],[-73.07904,41.33076],[-73.07726,41.33033],[-73.07638,41.32895],[-73.07232,41.32734],[-73.07228,41.32692]]]]}},{"type":"Feature","properties":{"name":"East Granby School District"},"geometry":{"type":"Polygon","coordinates":[[[-72.68764,41.9481],[-72.69535,41.92228],[-72.71334,41.92694],[-72.72221,41.92793],[-72.72922,41.91559],[-72.73781,41.89238],[-72.74393,41.89574],[-72.74848,41.89645],[-72.7605,41.90292],[-72.76098,41.90347],[-72.76095,41.9053],[-72.75866,41.90706],[-72.75893,41.90815],[-72.76155,41.91049],[-72.76219,41.91183],[-72.7649,41.91324],[-72.76504,41.91539],[-72.76751,41.91515],[-72.76799,41.9158],[-72.76815,41.91772],[-72.78544,41.918],[-72.76727,41.9741],[-72.76294,41.9859],[-72.70852,41.97383],[-72.70762,41.97335],[-72.71184,41.96082],[-72.71617,41.9498],[-72.68764,41.9481]]]}},{"type":"Feature","properties":{"name":"East Haddam School District"},"geometry":{"type":"MultiPolygon","coordinates":[[[[-72.45823,41.53586],[-72.44955,41.52253],[-72.41354,41.52624],[-72.36163,41.53082],[-72.35858,41.53144],[-72.32339,41.53425],[-72.3226,41.51608],[-72.31525,41.47809],[-72.31254,41.47841],[-72.30553,41.43628],[-72.39979,41.42611],[-72.40303,41.42477],[-72.40948,41.4253],[-72.42761,41.42329],[-72.43093,41.42367],[-72.4333,41.42681],[-72.43512,41.42834],[-72.43822,41.43054],[-72.43934,41.43038],[-72.44128,41.4315],[-72.44205,41.43121],[-72.4487,41.43688],[-72.44827,41.43735],[-72.44575,41.43777],[-72.44162,41.43502],[-72.44244,41.43754],[-72.44743,41.44168],[-72.44891,41.44259],[-72.45006,41.44284],[-72.45064,41.4425],[-72.44988,41.44092],[-72.44712,41.43832],[-72.44739,41.43788],[-72.44922,41.43781],[-72.45152,41.44067],[-72.4556,41.44277],[-72.45979,41.44682],[-72.4635,41.45306],[-72.46558,41.46365],[-72.47005,41.47023],[-72.46937,41.47218],[-72.47002,41.47346],[-72.47123,41.47545],[-72.47166,41.47538],[-72.47029,41.47259],[-72.4705,41.47168],[-72.4747,41.47483],[-72.47643,41.47552],[-72.47464,41.47707],[-72.47595,41.47904],[-72.47592,41.4795],[-72.47479,41.4797],[-72.47455,41.48043],[-72.47552,41.48199],[-72.47616,41.48617],[-72.47486,41.48938],[-72.4754,41.48994],[-72.48298,41.49111],[-72.4835,41.49106],[-72.48341,41.49001],[-72.48474,41.49095],[-72.48578,41.49321],[-72.48721,41.50009],[-72.48789,41.5001],[-72.48785,41.50224],[-72.48572,41.50499],[-72.48403,41.50904],[-72.4821,41.51176],[-72.48162,41.51416],[-72.48278,41.51517],[-72.4826,41.5159],[-72.4831,41.5166],[-72.48259,41.51844],[-72.48044,41.51921],[-72.47944,41.52184],[-72.47553,41.52426],[-72.46862,41.53108],[-72.46356,41.53352],[-72.4617,41.53542],[-72.45931,41.53916],[-72.4597,41.54002],[-72.45884,41.53958],[-72.45823,41.53586]]],[[[-72.44818,41.43411],[-72.45107,41.43532],[-72.45247,41.43756],[-72.4518,41.43767],[-72.44818,41.43411]]],[[[-72.44976,41.43697],[-72.4542,41.44065],[-72.4528,41.44051],[-72.45149,41.43951],[-72.44976,41.43697]]]]}},{"type":"Feature","properties":{"name":"East Hampton School District"},"geometry":{"type":"Polygon","coordinates":[[[-72.46673,41.5839],[-72.45081,41.55668],[-72.44686,41.55137],[-72.44655,41.55066],[-72.44685,41.55038],[-72.44395,41.54642],[-72.43077,41.52457],[-72.44955,41.52253],[-72.45823,41.53586],[-72.45884,41.53958],[-72.4597,41.54002],[-72.45931,41.53916],[-72.4617,41.53542],[-72.46356,41.53352],[-72.46862,41.53108],[-72.47553,41.52426],[-72.47944,41.52184],[-72.48037,41.51947],[-72.5001,41.51673],[-72.55257,41.5114],[-72.5534,41.51773],[-72.55326,41.5219],[-72.55361,41.52204],[-72.55292,41.52565],[-72.55134,41.53042],[-72.54977,41.53341],[-72.54906,41.53697],[-72.54884,41.53921],[-72.54966,41.54168],[-72.54943,41.54374],[-72.54984,41.54589],[-72.55135,41.54966],[-72.55424,41.55273],[-72.55834,41.55502],[-72.56196,41.55612],[-72.56277,41.55843],[-72.55939,41.56266],[-72.55932,41.56593],[-72.55839,41.56891],[-72.55749,41.57845],[-72.55409,41.58152],[-72.54801,41.59034],[-72.54299,41.59642],[-72.5408,41.60537],[-72.54449,41.61582],[-72.52929,41.61744],[-72.54423,41.6427],[-72.52183,41.6455],[-72.50543,41.647],[-72.48163,41.6079],[-72.47434,41.59516],[-72.46673,41.5839]]]}},{"type":"Feature","properties":{"name":"East Hartford School District"},"geometry":{"type":"Polygon","coordinates":[[[-72.57123,41.7338],[-72.63633,41.7249],[-72.64633,41.7276],[-72.64033,41.73499],[-72.64063,41.73999],[-72.64213,41.74569],[-72.64664,41.75019],[-72.64803,41.75309],[-72.64793,41.75159],[-72.65304,41.75429],[-72.65514,41.75489],[-72.65633,41.75619],[-72.65623,41.75699],[-72.65764,41.75709],[-72.66034,41.75939],[-72.66434,41.76559],[-72.66373,41.76949],[-72.66044,41.77289],[-72.65643,41.77589],[-72.65044,41.77759],[-72.64384,41.78579],[-72.64323,41.79179],[-72.64384,41.79169],[-72.64413,41.7978],[-72.62779,41.79891],[-72.58349,41.80064],[-72.57123,41.7338]]]}},{"type":"Feature","properties":{"name":"East Haven School District"},"geometry":{"type":"Polygon","coordinates":[[[-72.817,41.36388],[-72.81775,41.33998],[-72.82384,41.31832],[-72.83501,41.31439],[-72.8365,41.31347],[-72.83729,41.31257],[-72.83836,41.30879],[-72.84018,41.2998],[-72.84126,41.298],[-72.84374,41.2964],[-72.85086,41.29364],[-72.85582,41.29087],[-72.85897,41.28773],[-72.86032,41.28513],[-72.86082,41.28301],[-72.86019,41.28154],[-72.85934,41.28101],[-72.85947,41.27888],[-72.86118,41.27577],[-72.86201,41.27548],[-72.86263,41.27359],[-72.86262,41.27145],[-72.86428,41.26918],[-72.86361,41.26865],[-72.86327,41.26969],[-72.86247,41.26978],[-72.86238,41.26831],[-72.86136,41.26841],[-72.86041,41.26788],[-72.86051,41.26741],[-72.86167,41.26723],[-72.86053,41.26633],[-72.86051,41.26552],[-72.85797,41.26568],[-72.85643,41.26453],[-72.85478,41.26421],[-72.85554,41.26409],[-72.85345,41.26389],[-72.85294,41.26339],[-72.85304,41.26279],[-72.85224,41.26219],[-72.85255,41.25919],[-72.85445,41.25709],[-72.85435,41.25629],[-72.85704,41.25379],[-72.85874,41.24999],[-72.85964,41.24969],[-72.85964,41.24859],[-72.86044,41.24799],[-72.86044,41.24649],[-72.86134,41.24529],[-72.86264,41.24579],[-72.86304,41.24519],[-72.87054,41.24469],[-72.87144,41.24409],[-72.87454,41.24414],[-72.88014,41.24289],[-72.88004,41.24209],[-72.88125,41.24189],[-72.88145,41.24259],[-72.88454,41.24389],[-72.88754,41.24449],[-72.89065,41.24419],[-72.89184,41.24299],[-72.89484,41.24179],[-72.89545,41.24369],[-72.90056,41.24625],[-72.89941,41.2475],[-72.89956,41.2485],[-72.89692,41.24849],[-72.89427,41.24999],[-72.8928,41.24967],[-72.8914,41.2512],[-72.8892,41.25105],[-72.88683,41.25392],[-72.88771,41.28571],[-72.88639,41.28831],[-72.88252,41.29323],[-72.87629,41.30356],[-72.87243,41.30879],[-72.86628,41.32371],[-72.86031,41.33664],[-72.82799,41.34236],[-72.82796,41.35119],[-72.82715,41.35144],[-72.82713,41.36149],[-72.82283,41.36179],[-72.82254,41.3642],[-72.817,41.36388]]]}},{"type":"Feature","properties":{"name":"East Lyme School District"},"geometry":{"type":"MultiPolygon","coordinates":[[[[-72.19156,41.37307],[-72.19288,41.37082],[-72.19262,41.37169],[-72.19338,41.37188],[-72.1935,41.37115],[-72.19628,41.37163],[-72.1978,41.37117],[-72.19652,41.37029],[-72.19444,41.3709],[-72.19364,41.36965],[-72.19306,41.36972],[-72.19312,41.36869],[-72.19399,41.36806],[-72.19471,41.36829],[-72.19477,41.36734],[-72.19283,41.36341],[-72.19228,41.36055],[-72.19091,41.35855],[-72.19074,41.35617],[-72.19131,41.35539],[-72.19059,41.35294],[-72.19092,41.3518],[-72.19065,41.35048],[-72.18967,41.34871],[-72.19038,41.34795],[-72.19007,41.34593],[-72.18888,41.34342],[-72.18719,41.34368],[-72.18615,41.34282],[-72.18522,41.33899],[-72.18572,41.33829],[-72.18782,41.33779],[-72.18942,41.33849],[-72.19072,41.33809],[-72.19132,41.33869],[-72.19232,41.33539],[-72.19182,41.33449],[-72.19262,41.33329],[-72.19122,41.33279],[-72.18902,41.33349],[-72.18932,41.33739],[-72.18522,41.33709],[-72.18372,41.33389],[-72.18402,41.33309],[-72.18342,41.33109],[-72.18462,41.33029],[-72.18462,41.32949],[-72.18582,41.32909],[-72.18642,41.32689],[-72.18702,41.32669],[-72.18662,41.32529],[-72.17862,41.32389],[-72.17702,41.32409],[-72.17762,41.32249],[-72.18412,41.32399],[-72.19102,41.32319],[-72.19692,41.32009],[-72.19622,41.31869],[-72.20142,41.31569],[-72.20302,41.31319],[-72.20322,41.31189],[-72.20222,41.31039],[-72.20382,41.30699],[-72.20302,41.30609],[-72.20452,41.30279],[-72.20392,41.30079],[-72.20382,41.29789],[-72.20205,41.29269],[-72.2028,41.28804],[-72.20364,41.28608],[-72.20583,41.28489],[-72.21065,41.28521],[-72.21222,41.28749],[-72.21262,41.29105],[-72.21548,41.29251],[-72.21908,41.29315],[-72.21973,41.2928],[-72.22015,41.29335],[-72.21946,41.29402],[-72.21995,41.29488],[-72.219,41.29569],[-72.21643,41.29548],[-72.21731,41.29477],[-72.21505,41.29358],[-72.21477,41.29383],[-72.2153,41.29509],[-72.21444,41.29533],[-72.21612,41.29609],[-72.21647,41.29721],[-72.21609,41.29721],[-72.21581,41.29819],[-72.21686,41.29859],[-72.21593,41.29965],[-72.21725,41.30031],[-72.21709,41.30106],[-72.21815,41.30233],[-72.21717,41.303],[-72.21709,41.30394],[-72.21777,41.30777],[-72.21923,41.30793],[-72.21839,41.3102],[-72.2187,41.3105],[-72.21822,41.31263],[-72.21722,41.31339],[-72.21682,41.31489],[-72.21622,41.31519],[-72.21492,41.31489],[-72.21212,41.31639],[-72.21172,41.31769],[-72.21002,41.31679],[-72.20792,41.31869],[-72.20943,41.3185],[-72.21065,41.31892],[-72.20907,41.31814],[-72.20972,41.31724],[-72.2103,41.31708],[-72.21195,41.31798],[-72.21284,41.31624],[-72.21466,41.31525],[-72.21554,41.31528],[-72.21516,41.31605],[-72.21725,41.31533],[-72.21772,41.31359],[-72.21902,41.31263],[-72.22069,41.30912],[-72.2208,41.30712],[-72.21942,41.30749],[-72.21931,41.30718],[-72.22096,41.30365],[-72.22226,41.30301],[-72.22415,41.30064],[-72.22691,41.29945],[-72.22736,41.29816],[-72.22855,41.29859],[-72.23047,41.29819],[-72.23067,41.29777],[-72.22994,41.29717],[-72.23121,41.29627],[-72.23064,41.29534],[-72.23158,41.29583],[-72.23164,41.29684],[-72.23315,41.29901],[-72.23557,41.30078],[-72.23557,41.30031],[-72.2398,41.30041],[-72.24326,41.29985],[-72.24455,41.2984],[-72.24581,41.2978],[-72.2467,41.29788],[-72.24756,41.29935],[-72.24876,41.29943],[-72.25062,41.30472],[-72.25296,41.30914],[-72.25482,41.31031],[-72.25519,41.31152],[-72.25475,41.31284],[-72.25603,41.31559],[-72.25668,41.31951],[-72.25832,41.32185],[-72.25812,41.32347],[-72.25733,41.32397],[-72.25716,41.32508],[-72.2564,41.3259],[-72.25931,41.32969],[-72.26133,41.334],[-72.26509,41.33927],[-72.27072,41.35045],[-72.2745,41.35609],[-72.27672,41.3663],[-72.27925,41.38821],[-72.28215,41.4059],[-72.2791,41.42181],[-72.27906,41.42606],[-72.27664,41.44045],[-72.24202,41.4432],[-72.19319,41.37618],[-72.19156,41.37307]]],[[[-72.22272,41.28909],[-72.22253,41.28869],[-72.22288,41.28902],[-72.22272,41.28909]]],[[[-72.23936,41.28867],[-72.24009,41.28893],[-72.24008,41.28955],[-72.23931,41.28941],[-72.23936,41.28867]]],[[[-72.22322,41.28949],[-72.22292,41.28969],[-72.22292,41.28939],[-72.22322,41.28949]]],[[[-72.22262,41.29099],[-72.22298,41.29052],[-72.22291,41.29107],[-72.22262,41.29099]]],[[[-72.2272,41.29064],[-72.2277,41.29068],[-72.22782,41.29189],[-72.2272,41.29064]]],[[[-72.22253,41.29159],[-72.223,41.29171],[-72.22253,41.29279],[-72.22216,41.2924],[-72.22253,41.29159]]],[[[-72.24452,41.29219],[-72.24527,41.29219],[-72.24523,41.29296],[-72.24457,41.29279],[-72.24452,41.29219]]],[[[-72.22497,41.29512],[-72.22312,41.29483],[-72.22341,41.29334],[-72.2246,41.29272],[-72.22542,41.29341],[-72.22553,41.2942],[-72.22497,41.29512]]],[[[-72.22327,41.29863],[-72.22332,41.29629],[-72.22401,41.29665],[-72.22416,41.29731],[-72.2239,41.29857],[-72.22327,41.29863]]],[[[-72.21922,41.30189],[-72.21802,41.30104],[-72.21841,41.29928],[-72.21786,41.29881],[-72.21806,41.29795],[-72.21713,41.29702],[-72.21744,41.29608],[-72.21831,41.29631],[-72.2188,41.29707],[-72.21957,41.29674],[-72.22022,41.29749],[-72.22103,41.29613],[-72.22269,41.29845],[-72.22209,41.29986],[-72.2228,41.30007],[-72.22092,41.30008],[-72.22086,41.3011],[-72.21922,41.30189]]],[[[-72.2221,41.30167],[-72.22289,41.3013],[-72.22222,41.30229],[-72.2221,41.30167]]],[[[-72.22163,41.30219],[-72.22192,41.30246],[-72.22152,41.30299],[-72.22163,41.30219]]],[[[-72.219,41.30418],[-72.21822,41.3039],[-72.21997,41.30281],[-72.21976,41.30478],[-72.21942,41.30499],[-72.219,41.30418]]],[[[-72.1762,41.324],[-72.17621,41.32399],[-72.1762,41.324],[-72.1762,41.324]]],[[[-72.19259,41.36906],[-72.19261,41.36902],[-72.19259,41.36924],[-72.19259,41.36906]]]]}},{"type":"Feature","properties":{"name":"East Windsor School District"},"geometry":{"type":"Polygon","coordinates":[[[-72.51333,41.9454],[-72.51523,41.8992],[-72.51733,41.8699],[-72.58256,41.86833],[-72.61926,41.8683],[-72.61969,41.88284],[-72.62045,41.88714],[-72.62044,41.8904],[-72.62154,41.89318],[-72.62068,41.89771],[-72.62173,41.9046],[-72.62409,41.9292],[-72.62343,41.9343],[-72.55989,41.94034],[-72.53861,41.94303],[-72.51333,41.9454]]]}},{"type":"Feature","properties":{"name":"Eastford School District"},"geometry":{"type":"Polygon","coordinates":[[[-72.15165,41.9593],[-72.09856,41.95895],[-72.09702,41.91499],[-72.04395,41.91455],[-72.04474,41.83155],[-72.11399,41.83169],[-72.11244,41.86278],[-72.11292,41.87932],[-72.12243,41.89484],[-72.13283,41.91041],[-72.13536,41.91339],[-72.13939,41.91618],[-72.1399,41.91803],[-72.13886,41.9196],[-72.1389,41.92116],[-72.13996,41.92319],[-72.14113,41.92372],[-72.14475,41.92882],[-72.14504,41.93062],[-72.14434,41.93309],[-72.1454,41.93631],[-72.14526,41.93814],[-72.14671,41.93923],[-72.14724,41.94074],[-72.14704,41.94253],[-72.14948,41.94413],[-72.14992,41.94558],[-72.14973,41.94739],[-72.15069,41.94865],[-72.15037,41.94912],[-72.1507,41.95246],[-72.15162,41.95233],[-72.15272,41.95303],[-72.15265,41.9557],[-72.15165,41.9593]]]}},{"type":"Feature","properties":{"name":"Easton School District"},"geometry":{"type":"Polygon","coordinates":[[[-73.27437,41.29381],[-73.27525,41.29163],[-73.27449,41.28389],[-73.27177,41.28064],[-73.27117,41.27929],[-73.27069,41.27929],[-73.24383,41.24749],[-73.24103,41.24482],[-73.2361,41.23843],[-73.24539,41.23292],[-73.24956,41.23189],[-73.25032,41.2309],[-73.25137,41.23046],[-73.25194,41.22769],[-73.25558,41.2224],[-73.25656,41.2193],[-73.25856,41.21716],[-73.26004,41.2165],[-73.26019,41.21543],[-73.2621,41.21288],[-73.2633,41.21254],[-73.27947,41.2316],[-73.28235,41.2291],[-73.2843,41.2253],[-73.28826,41.22386],[-73.29077,41.22009],[-73.29484,41.21802],[-73.29982,41.21379],[-73.30186,41.21273],[-73.31831,41.21274],[-73.32901,41.21343],[-73.32567,41.21621],[-73.32592,41.21815],[-73.32547,41.22006],[-73.32363,41.22192],[-73.32456,41.22426],[-73.32584,41.22466],[-73.3267,41.22594],[-73.32685,41.22668],[-73.32591,41.22681],[-73.32594,41.22744],[-73.3309,41.23326],[-73.33389,41.23582],[-73.33679,41.24016],[-73.34143,41.24563],[-73.36881,41.27498],[-73.32764,41.29016],[-73.3048,41.29776],[-73.31422,41.3082],[-73.31565,41.30862],[-73.31549,41.30977],[-73.316,41.31092],[-73.31793,41.31193],[-73.31907,41.31328],[-73.31869,41.31391],[-73.31975,41.31529],[-73.32037,41.31539],[-73.32529,41.32247],[-73.306,41.33236],[-73.27266,41.31831],[-73.27246,41.31774],[-73.27301,41.31676],[-73.2726,41.31655],[-73.27311,41.31618],[-73.27238,41.31411],[-73.27162,41.31338],[-73.27159,41.31167],[-73.27096,41.31146],[-73.27072,41.3099],[-73.27129,41.3091],[-73.27064,41.30723],[-73.27137,41.30645],[-73.2711,41.30613],[-73.27202,41.30392],[-73.27309,41.30296],[-73.27611,41.30167],[-73.27622,41.30035],[-73.27817,41.2984],[-73.27437,41.29381]]]}},{"type":"Feature","properties":{"name":"Ellington School District"},"geometry":{"type":"Polygon","coordinates":[[[-72.30625,41.94071],[-72.30922,41.93354],[-72.30914,41.93146],[-72.307,41.93033],[-72.3069,41.92963],[-72.30775,41.92938],[-72.32157,41.92815],[-72.43131,41.91505],[-72.42802,41.8746],[-72.49454,41.86627],[-72.49554,41.86599],[-72.49681,41.86062],[-72.51833,41.8569],[-72.51523,41.8992],[-72.51333,41.9454],[-72.49014,41.94771],[-72.44733,41.95311],[-72.40675,41.95716],[-72.40723,41.9414],[-72.37772,41.94186],[-72.30625,41.94071]]]}},{"type":"Feature","properties":{"name":"Enfield School District"},"geometry":{"type":"Polygon","coordinates":[[[-72.50923,42.03438],[-72.49973,41.9843],[-72.49893,41.97789],[-72.49273,41.9475],[-72.53861,41.94303],[-72.55989,41.94034],[-72.62343,41.9343],[-72.61395,41.94354],[-72.6131,41.94697],[-72.61163,41.96079],[-72.60953,41.9649],[-72.60703,41.9738],[-72.60358,41.98977],[-72.60753,41.9993],[-72.6049,42.01191],[-72.60696,42.02515],[-72.58216,42.02474],[-72.57278,42.03022],[-72.53155,42.03458],[-72.50923,42.03438]]]}},{"type":"Feature","properties":{"name":"Essex School District"},"geometry":{"type":"MultiPolygon","coordinates":[[[[-72.38421,41.37679],[-72.38144,41.37244],[-72.37976,41.37093],[-72.37846,41.3685],[-72.37865,41.3663],[-72.37935,41.36465],[-72.37907,41.36271],[-72.37952,41.36101],[-72.38168,41.35738],[-72.38223,41.35734],[-72.38202,41.35794],[-72.38273,41.35929],[-72.38475,41.35937],[-72.38332,41.36014],[-72.38219,41.36144],[-72.38213,41.36097],[-72.38055,41.3626],[-72.38316,41.3645],[-72.38476,41.36445],[-72.38397,41.36578],[-72.38194,41.36638],[-72.38306,41.36653],[-72.3828,41.36791],[-72.38351,41.36788],[-72.38457,41.36874],[-72.38434,41.36895],[-72.38861,41.37022],[-72.3885,41.37225],[-72.38733,41.37412],[-72.38821,41.37365],[-72.38827,41.37265],[-72.38972,41.37193],[-72.38899,41.37183],[-72.39021,41.37012],[-72.38843,41.36809],[-72.39236,41.36736],[-72.39503,41.36526],[-72.39528,41.36451],[-72.39719,41.3638],[-72.39818,41.3636],[-72.39865,41.36452],[-72.40132,41.36367],[-72.4025,41.36265],[-72.40221,41.36077],[-72.40383,41.36029],[-72.40526,41.3571],[-72.40495,41.35621],[-72.40674,41.35559],[-72.40608,41.35561],[-72.40555,41.35452],[-72.40448,41.35635],[-72.40393,41.35655],[-72.40427,41.35761],[-72.40376,41.36002],[-72.40169,41.36078],[-72.40237,41.36204],[-72.40103,41.36339],[-72.39949,41.36352],[-72.39845,41.36282],[-72.39772,41.36337],[-72.39508,41.36313],[-72.39181,41.36615],[-72.39058,41.36628],[-72.38797,41.36758],[-72.38771,41.36683],[-72.38834,41.36631],[-72.38844,41.36535],[-72.38779,41.36508],[-72.38873,41.36488],[-72.38798,41.36443],[-72.38837,41.36398],[-72.38809,41.36325],[-72.39021,41.36154],[-72.39027,41.36077],[-72.38953,41.36031],[-72.39021,41.36027],[-72.39186,41.35815],[-72.38798,41.35807],[-72.38774,41.35724],[-72.38824,41.35624],[-72.38759,41.35442],[-72.38652,41.3543],[-72.3873,41.35387],[-72.38646,41.35391],[-72.38716,41.35351],[-72.38653,41.35336],[-72.38744,41.35315],[-72.38527,41.35228],[-72.3844,41.35134],[-72.38441,41.35001],[-72.38483,41.34999],[-72.38493,41.3493],[-72.38447,41.34922],[-72.38446,41.34864],[-72.38617,41.34831],[-72.38614,41.34927],[-72.38898,41.35105],[-72.39098,41.35112],[-72.39134,41.3502],[-72.39148,41.35091],[-72.39172,41.35024],[-72.39033,41.34898],[-72.39033,41.34799],[-72.3909,41.34751],[-72.38962,41.34561],[-72.38759,41.34463],[-72.38521,41.34198],[-72.38402,41.34149],[-72.38614,41.33953],[-72.38251,41.33689],[-72.37886,41.33926],[-72.37886,41.34259],[-72.37779,41.34357],[-72.37692,41.34373],[-72.37541,41.34325],[-72.37308,41.341],[-72.37205,41.34148],[-72.37083,41.34106],[-72.37453,41.3376],[-72.38387,41.33198],[-72.39136,41.33223],[-72.40273,41.3316],[-72.42073,41.3254],[-72.42552,41.32422],[-72.42837,41.32461],[-72.42808,41.32548],[-72.43203,41.32655],[-72.43578,41.33096],[-72.47272,41.33421],[-72.46894,41.34538],[-72.44606,41.35618],[-72.42523,41.3645],[-72.41294,41.37411],[-72.39415,41.37822],[-72.38747,41.38069],[-72.38421,41.37679]]],[[[-72.38893,41.34842],[-72.38458,41.34811],[-72.38173,41.34469],[-72.38028,41.34398],[-72.38032,41.34339],[-72.38235,41.34416],[-72.38614,41.34715],[-72.3882,41.34744],[-72.38896,41.34825],[-72.38962,41.34812],[-72.38893,41.34842]]],[[[-72.38356,41.35374],[-72.38453,41.35259],[-72.38573,41.35306],[-72.38533,41.35423],[-72.38379,41.35492],[-72.38274,41.35696],[-72.38229,41.35707],[-72.38356,41.35374]]],[[[-72.37617,41.3712],[-72.37677,41.3716],[-72.37752,41.37509],[-72.3771,41.37541],[-72.37566,41.37365],[-72.37617,41.3712]]]]}},{"type":"Feature","properties":{"name":"Fairfield School District"},"geometry":{"type":"Polygon","coordinates":[[[-73.24856,41.23198],[-73.24501,41.22727],[-73.23638,41.21789],[-73.21914,41.19776],[-73.22037,41.18795],[-73.21777,41.1828],[-73.21963,41.18161],[-73.21912,41.18031],[-73.21928,41.17904],[-73.22304,41.17649],[-73.22289,41.17545],[-73.22341,41.17434],[-73.22572,41.17372],[-73.22577,41.17248],[-73.22722,41.17134],[-73.227,41.17061],[-73.22768,41.17008],[-73.2271,41.16967],[-73.22781,41.16923],[-73.22735,41.16898],[-73.22591,41.16949],[-73.22504,41.17082],[-73.22449,41.17052],[-73.22529,41.16969],[-73.22457,41.16957],[-73.2237,41.17016],[-73.22414,41.17088],[-73.22384,41.17117],[-73.22303,41.16949],[-73.22227,41.16893],[-73.2236,41.16765],[-73.22364,41.16688],[-73.22536,41.1656],[-73.22563,41.16476],[-73.22743,41.1641],[-73.22745,41.163],[-73.22886,41.16146],[-73.23388,41.15718],[-73.23723,41.15513],[-73.23722,41.15366],[-73.23609,41.15239],[-73.2337,41.1521],[-73.23286,41.1476],[-73.23508,41.14483],[-73.23485,41.14319],[-73.23886,41.13839],[-73.24055,41.13499],[-73.24235,41.12779],[-73.25246,41.12489],[-73.26236,41.11749],[-73.26665,41.11919],[-73.27125,41.12029],[-73.27376,41.11999],[-73.27666,41.12159],[-73.27636,41.12199],[-73.27846,41.12519],[-73.28606,41.12739],[-73.28286,41.13159],[-73.27706,41.13329],[-73.27366,41.13889],[-73.27436,41.13959],[-73.27576,41.13689],[-73.27726,41.13569],[-73.28456,41.13179],[-73.28456,41.12989],[-73.28556,41.12879],[-73.28626,41.12899],[-73.28676,41.12859],[-73.28676,41.12789],[-73.28906,41.12719],[-73.29026,41.12619],[-73.29126,41.12599],[-73.29175,41.12689],[-73.29326,41.12679],[-73.29865,41.12469],[-73.29902,41.12517],[-73.29711,41.12638],[-73.29756,41.12755],[-73.29692,41.12803],[-73.29713,41.12914],[-73.29653,41.1297],[-73.29738,41.13161],[-73.29613,41.13368],[-73.29722,41.13559],[-73.29668,41.13671],[-73.29772,41.13788],[-73.299,41.14074],[-73.29811,41.14366],[-73.29898,41.14501],[-73.29986,41.14549],[-73.30352,41.14603],[-73.30425,41.14898],[-73.30598,41.14948],[-73.3051,41.15008],[-73.30478,41.15241],[-73.30602,41.15277],[-73.3074,41.15233],[-73.30904,41.15448],[-73.33846,41.19454],[-73.33771,41.19683],[-73.33348,41.19884],[-73.33298,41.20097],[-73.3333,41.20286],[-73.33236,41.20402],[-73.33249,41.20501],[-73.33073,41.20832],[-73.32891,41.21],[-73.33035,41.21103],[-73.32939,41.21188],[-73.32901,41.21343],[-73.31831,41.21274],[-73.30186,41.21273],[-73.29982,41.21379],[-73.29484,41.21802],[-73.29077,41.22009],[-73.28826,41.22386],[-73.2843,41.2253],[-73.28235,41.2291],[-73.27956,41.23159],[-73.2633,41.21254],[-73.2621,41.21288],[-73.26019,41.21543],[-73.26004,41.2165],[-73.25856,41.21716],[-73.25656,41.2193],[-73.25558,41.2224],[-73.25194,41.22769],[-73.25137,41.23046],[-73.25032,41.2309],[-73.24956,41.23189],[-73.24856,41.23198]]]}},{"type":"Feature","properties":{"name":"Farmington School District"},"geometry":{"type":"Polygon","coordinates":[[[-72.79674,41.7588],[-72.79497,41.74747],[-72.7822,41.74822],[-72.78116,41.74592],[-72.77906,41.73022],[-72.77747,41.73127],[-72.77283,41.73685],[-72.76893,41.73958],[-72.76877,41.73757],[-72.76247,41.7377],[-72.76241,41.73433],[-72.76275,41.73403],[-72.76197,41.7158],[-72.78299,41.71284],[-72.79595,41.7034],[-72.80098,41.69886],[-72.8101,41.69183],[-72.8111,41.69225],[-72.81201,41.69023],[-72.81544,41.68782],[-72.86374,41.6954],[-72.87779,41.6981],[-72.89288,41.69669],[-72.89375,41.69958],[-72.89564,41.7124],[-72.90425,41.75024],[-72.90493,41.75809],[-72.90848,41.77604],[-72.90405,41.77615],[-72.90216,41.77512],[-72.90108,41.77163],[-72.90122,41.7687],[-72.89524,41.76469],[-72.88105,41.76548],[-72.87322,41.76401],[-72.86703,41.76372],[-72.82013,41.7579],[-72.79674,41.7588]]]}},{"type":"Feature","properties":{"name":"Franklin School District"},"geometry":{"type":"Polygon","coordinates":[[[-72.11996,41.6633],[-72.11819,41.65364],[-72.10412,41.6008],[-72.1252,41.56335],[-72.13498,41.56953],[-72.13584,41.57351],[-72.13871,41.57641],[-72.19402,41.5904],[-72.18966,41.59743],[-72.18766,41.60198],[-72.16315,41.64791],[-72.15501,41.66267],[-72.15175,41.66752],[-72.14672,41.66717],[-72.11996,41.6633]]]}},{"type":"Feature","properties":{"name":"Glastonbury School District"},"geometry":{"type":"Polygon","coordinates":[[[-72.4639,41.74557],[-72.45223,41.6888],[-72.4768,41.68609],[-72.48272,41.68129],[-72.47894,41.67345],[-72.47732,41.66876],[-72.49731,41.6624],[-72.50543,41.647],[-72.52183,41.6455],[-72.53213,41.644],[-72.62863,41.6334],[-72.62434,41.64229],[-72.62193,41.64949],[-72.62083,41.64979],[-72.62103,41.65029],[-72.62203,41.64999],[-72.62584,41.65979],[-72.62723,41.66589],[-72.62443,41.66829],[-72.60983,41.67229],[-72.60783,41.67459],[-72.60754,41.67609],[-72.60834,41.68149],[-72.61183,41.68689],[-72.61823,41.68979],[-72.63097,41.69006],[-72.634,41.69171],[-72.63563,41.69329],[-72.63434,41.69689],[-72.62974,41.69939],[-72.61684,41.70309],[-72.61474,41.70789],[-72.62163,41.71369],[-72.64004,41.71539],[-72.64734,41.7233],[-72.56766,41.73435],[-72.51966,41.73947],[-72.51814,41.74002],[-72.51572,41.73987],[-72.50129,41.74147],[-72.50078,41.74188],[-72.4639,41.74557]]]}},{"type":"Feature","properties":{"name":"Granby School District"},"geometry":{"type":"Polygon","coordinates":[[[-72.77469,42.00239],[-72.77841,41.98944],[-72.76294,41.9859],[-72.76727,41.9741],[-72.78544,41.918],[-72.82643,41.91891],[-72.85495,41.9203],[-72.90594,41.9217],[-72.90297,41.93136],[-72.90224,41.932],[-72.88706,41.97312],[-72.87761,41.99899],[-72.87762,42.00016],[-72.87454,42.00882],[-72.873,42.01163],[-72.86382,42.03538],[-72.86364,42.03753],[-72.81378,42.03674],[-72.81705,41.99769],[-72.77469,42.00239]]]}},{"type":"Feature","properties":{"name":"Greenwich School District"},"geometry":{"type":"MultiPolygon","coordinates":[[[[-73.61329,41.11696],[-73.60705,41.10961],[-73.59648,41.0954],[-73.58757,41.0846],[-73.56834,41.05968],[-73.56747,41.05488],[-73.56626,41.05219],[-73.56315,41.04023],[-73.55562,41.02836],[-73.55515,41.02515],[-73.55566,41.02489],[-73.55587,41.02329],[-73.55437,41.02239],[-73.55656,41.01879],[-73.55726,41.01659],[-73.55946,41.01689],[-73.56006,41.01549],[-73.55997,41.01669],[-73.56196,41.01679],[-73.56267,41.01539],[-73.56386,41.01509],[-73.56296,41.01409],[-73.56327,41.01369],[-73.56437,41.01459],[-73.56766,41.01089],[-73.56756,41.00999],[-73.56827,41.00959],[-73.57007,41.00159],[-73.58397,41.00089],[-73.58436,41.00499],[-73.58176,41.00739],[-73.58007,41.00589],[-73.57506,41.00369],[-73.56856,41.01109],[-73.56797,41.01249],[-73.56827,41.01369],[-73.57087,41.01289],[-73.57117,41.01339],[-73.56897,41.01429],[-73.56917,41.01569],[-73.56877,41.01639],[-73.56807,41.01489],[-73.56687,41.01579],[-73.56576,41.01569],[-73.56557,41.01639],[-73.56697,41.01649],[-73.56576,41.01689],[-73.56607,41.01799],[-73.56787,41.01739],[-73.57026,41.01919],[-73.57026,41.02039],[-73.56907,41.01979],[-73.56837,41.02069],[-73.56946,41.02289],[-73.57077,41.02139],[-73.57357,41.02249],[-73.57387,41.02369],[-73.57216,41.02439],[-73.57157,41.02559],[-73.57257,41.02489],[-73.57387,41.02549],[-73.57426,41.02469],[-73.57487,41.02499],[-73.57377,41.02638],[-73.57516,41.02709],[-73.57426,41.02619],[-73.57527,41.02609],[-73.57547,41.02549],[-73.57477,41.02069],[-73.57847,41.02069],[-73.57767,41.02029],[-73.57767,41.01919],[-73.57677,41.01869],[-73.57786,41.01899],[-73.57917,41.01619],[-73.57976,41.01709],[-73.57876,41.01949],[-73.57917,41.02019],[-73.58027,41.01699],[-73.58197,41.01449],[-73.58346,41.01339],[-73.58367,41.01479],[-73.58587,41.01549],[-73.58517,41.01449],[-73.58626,41.01509],[-73.58837,41.01299],[-73.58706,41.01259],[-73.58616,41.01339],[-73.58657,41.01089],[-73.58737,41.01099],[-73.58896,41.01279],[-73.59067,41.01249],[-73.59127,41.01129],[-73.59237,41.01099],[-73.59237,41.01219],[-73.59397,41.01199],[-73.59327,41.01439],[-73.59466,41.01459],[-73.59407,41.01499],[-73.59217,41.01449],[-73.59257,41.01589],[-73.59407,41.01529],[-73.59507,41.01719],[-73.59387,41.01689],[-73.59197,41.01769],[-73.58937,41.01759],[-73.58996,41.01829],[-73.58937,41.01899],[-73.58917,41.02119],[-73.58927,41.02259],[-73.59197,41.02229],[-73.59307,41.02159],[-73.59397,41.02579],[-73.59297,41.03089],[-73.59107,41.03439],[-73.59067,41.03669],[-73.58867,41.03839],[-73.58806,41.04109],[-73.58902,41.04169],[-73.58895,41.04207],[-73.58426,41.04889],[-73.58487,41.04979],[-73.58468,41.05244],[-73.58358,41.05404],[-73.58256,41.05438],[-73.58296,41.0549],[-73.58197,41.05689],[-73.58387,41.05569],[-73.58607,41.05149],[-73.58607,41.04849],[-73.58706,41.04849],[-73.58896,41.04559],[-73.58921,41.04176],[-73.59217,41.03829],[-73.59217,41.03679],[-73.59366,41.03639],[-73.59317,41.03579],[-73.59417,41.03319],[-73.59527,41.03269],[-73.59656,41.03409],[-73.59687,41.03359],[-73.59677,41.03169],[-73.59567,41.03029],[-73.59477,41.03029],[-73.59787,41.02709],[-73.60007,41.02859],[-73.60157,41.02779],[-73.60137,41.02069],[-73.59887,41.01809],[-73.60157,41.01719],[-73.60277,41.01809],[-73.60277,41.01669],[-73.60187,41.01649],[-73.60167,41.01589],[-73.60197,41.01479],[-73.60247,41.01589],[-73.60576,41.01479],[-73.60676,41.01419],[-73.60676,41.01219],[-73.60887,41.01209],[-73.61307,41.00879],[-73.61547,41.01099],[-73.61447,41.01199],[-73.61267,41.01189],[-73.61327,41.01269],[-73.61267,41.01539],[-73.60817,41.01999],[-73.61133,41.01719],[-73.61147,41.01879],[-73.61407,41.02119],[-73.61347,41.02359],[-73.61397,41.02469],[-73.61317,41.02719],[-73.61357,41.02789],[-73.61277,41.02879],[-73.61187,41.03159],[-73.61127,41.03399],[-73.61177,41.03449],[-73.61287,41.03199],[-73.61247,41.02979],[-73.61407,41.02819],[-73.61557,41.02279],[-73.61437,41.02119],[-73.61437,41.02009],[-73.61226,41.01869],[-73.61277,41.01809],[-73.61387,41.01839],[-73.61437,41.01739],[-73.61506,41.01769],[-73.61527,41.01519],[-73.61627,41.01419],[-73.61557,41.01249],[-73.61667,41.01089],[-73.61797,41.01019],[-73.62007,41.01829],[-73.62057,41.01689],[-73.62027,41.01349],[-73.62097,41.01099],[-73.62177,41.01119],[-73.62267,41.01859],[-73.62327,41.01849],[-73.62317,41.01719],[-73.62497,41.01729],[-73.62547,41.01799],[-73.62457,41.01849],[-73.62737,41.01769],[-73.62387,41.01519],[-73.62397,41.01319],[-73.62777,41.01379],[-73.62717,41.01579],[-73.62807,41.01479],[-73.62927,41.01469],[-73.62797,41.01379],[-73.62897,41.01339],[-73.62327,41.01029],[-73.62327,41.00889],[-73.62436,41.00839],[-73.62327,41.00669],[-73.62577,41.00189],[-73.62757,41.00019],[-73.63057,41.00339],[-73.63186,41.00339],[-73.63307,41.00159],[-73.63457,41.00059],[-73.63567,41.00149],[-73.63727,41.00169],[-73.63797,41.00319],[-73.63877,41.00249],[-73.63967,41.00379],[-73.63827,41.00379],[-73.63957,41.00629],[-73.64117,41.00679],[-73.63957,41.01089],[-73.64267,41.00729],[-73.64317,41.00519],[-73.64407,41.00479],[-73.64461,41.00374],[-73.64527,41.00139],[-73.64317,41.00129],[-73.64387,41.00069],[-73.64306,40.99995],[-73.64567,41.00059],[-73.64566,40.99918],[-73.64918,40.99733],[-73.64963,40.9963],[-73.65117,40.99522],[-73.65198,40.99355],[-73.6531,40.99281],[-73.65294,40.99194],[-73.65468,40.98968],[-73.65503,40.98852],[-73.6558,40.98851],[-73.65701,40.98661],[-73.65767,40.98659],[-73.65852,40.98711],[-73.65832,40.9878],[-73.65607,40.98989],[-73.65817,40.99329],[-73.65907,40.99939],[-73.65657,41.00429],[-73.65457,41.00989],[-73.65447,41.01129],[-73.65557,41.00769],[-73.65786,41.00289],[-73.65914,41.00273],[-73.65606,41.00892],[-73.65525,41.01225],[-73.65899,41.01718],[-73.66276,41.02057],[-73.67038,41.03006],[-73.67107,41.03153],[-73.68247,41.0447],[-73.70507,41.0725],[-73.71867,41.09],[-73.72338,41.09444],[-73.72777,41.1007],[-73.63393,41.14399],[-73.61329,41.11696]]],[[[-73.62247,40.98429],[-73.62167,40.98279],[-73.62417,40.98149],[-73.62477,40.98189],[-73.62337,40.98289],[-73.62337,40.98349],[-73.62417,40.98359],[-73.62497,40.98209],[-73.62626,40.98269],[-73.62917,40.97989],[-73.62847,40.98159],[-73.62457,40.98379],[-73.62247,40.98429]]],[[[-73.60946,40.98879],[-73.61087,40.98829],[-73.61007,40.98939],[-73.60946,40.98879]]],[[[-73.65785,40.99016],[-73.65787,40.99015],[-73.65785,40.99018],[-73.65785,40.99016]]],[[[-73.60757,40.99039],[-73.60787,40.99019],[-73.60817,40.99059],[-73.60757,40.99039]]],[[[-73.63747,40.99119],[-73.63987,40.98839],[-73.64147,40.99069],[-73.63997,40.99239],[-73.64057,40.99369],[-73.63747,40.99299],[-73.63747,40.99119]]],[[[-73.65954,40.9944],[-73.65934,40.99374],[-73.65964,40.99452],[-73.65954,40.9944]]],[[[-73.64277,40.99539],[-73.64447,40.99519],[-73.64377,40.99629],[-73.64257,40.99689],[-73.64277,40.99539]]],[[[-73.64287,40.99899],[-73.64387,40.99859],[-73.64437,40.99909],[-73.64377,40.99959],[-73.64287,40.99899]]],[[[-73.58346,41.00899],[-73.58356,41.00869],[-73.58377,41.00909],[-73.58346,41.00899]]],[[[-73.61447,41.00849],[-73.61587,41.00819],[-73.61647,41.00879],[-73.61597,41.00939],[-73.61506,41.00939],[-73.61447,41.00849]]],[[[-73.59767,41.01069],[-73.59826,41.01069],[-73.59867,41.01099],[-73.59807,41.01099],[-73.59767,41.01069]]],[[[-73.57647,41.01219],[-73.57706,41.01169],[-73.57637,41.01279],[-73.57647,41.01219]]],[[[-73.59887,41.01359],[-73.59857,41.01329],[-73.59887,41.01339],[-73.59887,41.01359]]],[[[-73.60306,41.01389],[-73.60417,41.01329],[-73.60427,41.01429],[-73.60327,41.01499],[-73.60306,41.01389]]],[[[-73.59836,41.01699],[-73.59826,41.01649],[-73.59917,41.01689],[-73.59836,41.01699]]],[[[-73.59176,41.02029],[-73.59237,41.02029],[-73.59176,41.02179],[-73.59176,41.02029]]],[[[-73.59897,41.02319],[-73.59926,41.02289],[-73.60037,41.02339],[-73.59997,41.02399],[-73.59897,41.02319]]],[[[-73.55365,41.02379],[-73.55327,41.02329],[-73.55427,41.0242],[-73.55365,41.02379]]],[[[-73.59917,41.02669],[-73.59926,41.02619],[-73.59997,41.02659],[-73.59917,41.02669]]]]}},{"type":"Feature","properties":{"name":"Griswold School District"},"geometry":{"type":"Polygon","coordinates":[[[-71.86341,41.51493],[-71.90286,41.52026],[-71.95458,41.56653],[-71.98923,41.56564],[-71.98802,41.57206],[-71.98965,41.57598],[-71.98955,41.5769],[-71.98878,41.5802],[-71.9845,41.58505],[-71.98484,41.58625],[-71.98702,41.58826],[-71.9868,41.58952],[-71.98479,41.59232],[-71.98457,41.59794],[-71.98778,41.6032],[-71.99088,41.604],[-71.9916,41.60478],[-71.99155,41.60553],[-71.98635,41.6093],[-71.98441,41.6101],[-71.98276,41.61512],[-71.98295,41.61848],[-71.97901,41.6241],[-71.97857,41.62621],[-71.97935,41.62867],[-71.97901,41.63144],[-71.97525,41.63812],[-71.95194,41.63433],[-71.88442,41.6412],[-71.88322,41.6251],[-71.87545,41.5794],[-71.87497,41.57889],[-71.87384,41.57034],[-71.86341,41.51493]]]}},{"type":"Feature","properties":{"name":"Groton School District"},"geometry":{"type":"MultiPolygon","coordinates":[[[[-72.09322,41.4003],[-72.02237,41.39934],[-71.95868,41.39786],[-71.9608,41.39486],[-71.96091,41.39311],[-71.96045,41.39253],[-71.96064,41.39005],[-71.95863,41.38812],[-71.96019,41.38661],[-71.96122,41.38678],[-71.96422,41.38259],[-71.96353,41.37911],[-71.96453,41.37507],[-71.96549,41.37414],[-71.96732,41.36974],[-71.96692,41.36567],[-71.96771,41.36119],[-71.96707,41.35806],[-71.97027,41.35209],[-71.97112,41.35137],[-71.97021,41.34909],[-71.97481,41.34679],[-71.97462,41.34639],[-71.97542,41.34559],[-71.97512,41.34479],[-71.97442,41.34479],[-71.97362,41.34399],[-71.97671,41.34169],[-71.97702,41.34079],[-71.97781,41.34349],[-71.97912,41.34159],[-71.97912,41.34229],[-71.97992,41.34199],[-71.98012,41.34139],[-71.98112,41.34139],[-71.98112,41.34049],[-71.97922,41.34129],[-71.97861,41.34039],[-71.97971,41.33939],[-71.97951,41.33879],[-71.98151,41.33479],[-71.98051,41.33529],[-71.98022,41.33729],[-71.97982,41.33719],[-71.97932,41.33599],[-71.97781,41.33479],[-71.98041,41.33339],[-71.97961,41.33299],[-71.97932,41.33379],[-71.97781,41.33379],[-71.97732,41.33329],[-71.97902,41.33269],[-71.98312,41.33269],[-71.98492,41.33099],[-71.98542,41.32979],[-71.98521,41.32789],[-71.98442,41.32739],[-71.98402,41.32559],[-71.98862,41.32009],[-71.98782,41.31979],[-71.98822,41.31909],[-71.98932,41.31949],[-71.98891,41.31629],[-71.98962,41.31619],[-71.99052,41.31669],[-71.99171,41.32109],[-71.99142,41.32419],[-71.99251,41.32449],[-71.99402,41.32209],[-71.99482,41.32189],[-71.99531,41.32049],[-71.99602,41.32129],[-71.99821,41.32149],[-71.99922,41.32059],[-71.99852,41.31859],[-71.99882,41.31759],[-72.00082,41.32079],[-72.00291,41.32799],[-72.00342,41.32809],[-72.00381,41.32959],[-72.00332,41.33189],[-72.00381,41.33159],[-72.00402,41.33029],[-72.00492,41.33119],[-72.00512,41.32729],[-72.00692,41.32689],[-72.00722,41.32549],[-72.00561,41.32459],[-72.00442,41.32539],[-72.00332,41.32369],[-72.00252,41.32339],[-72.00392,41.32189],[-72.00342,41.32069],[-72.00232,41.32029],[-72.00362,41.31799],[-72.00371,41.31539],[-72.00442,41.31439],[-72.00362,41.31139],[-72.00422,41.30719],[-72.00502,41.30619],[-72.00622,41.30749],[-72.00882,41.30779],[-72.00941,41.30689],[-72.01082,41.30659],[-72.01142,41.30849],[-72.01072,41.31039],[-72.01311,41.31279],[-72.01532,41.31389],[-72.01681,41.31399],[-72.01672,41.31319],[-72.01742,41.31329],[-72.01792,41.31459],[-72.01512,41.31479],[-72.01372,41.31429],[-72.01021,41.31169],[-72.01042,41.31279],[-72.01432,41.31539],[-72.01912,41.31499],[-72.01462,41.31659],[-72.01372,41.31569],[-72.01031,41.31489],[-72.00841,41.31499],[-72.01052,41.31499],[-72.01052,41.31539],[-72.01121,41.31559],[-72.01152,41.31679],[-72.01162,41.31559],[-72.01362,41.31599],[-72.01442,41.31729],[-72.01292,41.31839],[-72.01302,41.31969],[-72.01131,41.32249],[-72.01172,41.32269],[-72.01352,41.31989],[-72.01482,41.32119],[-72.01591,41.32529],[-72.01691,41.32549],[-72.01681,41.32639],[-72.01852,41.32759],[-72.01832,41.32849],[-72.01892,41.32899],[-72.01882,41.32709],[-72.02141,41.32709],[-72.02192,41.32919],[-72.02112,41.33299],[-72.02192,41.33339],[-72.02262,41.33299],[-72.02402,41.33359],[-72.02442,41.33429],[-72.02482,41.33339],[-72.02292,41.33209],[-72.02302,41.32999],[-72.02382,41.32929],[-72.02312,41.32439],[-72.02222,41.32449],[-72.02132,41.32339],[-72.02202,41.32259],[-72.02172,41.32049],[-72.02102,41.32049],[-72.02122,41.32099],[-72.02061,41.32109],[-72.02072,41.31969],[-72.02172,41.31979],[-72.02352,41.31889],[-72.02472,41.31699],[-72.02792,41.31609],[-72.02832,41.31359],[-72.02962,41.31229],[-72.03462,41.31309],[-72.03612,41.31419],[-72.03652,41.31529],[-72.04272,41.31849],[-72.04872,41.31899],[-72.05082,41.31839],[-72.05092,41.31769],[-72.05342,41.31569],[-72.05442,41.31579],[-72.05472,41.31639],[-72.05332,41.31749],[-72.05262,41.31699],[-72.05262,41.31759],[-72.05032,41.31899],[-72.04742,41.31949],[-72.04162,41.31859],[-72.04212,41.31989],[-72.04142,41.32139],[-72.03972,41.32249],[-72.03722,41.32669],[-72.03652,41.32619],[-72.03772,41.32499],[-72.03722,41.32409],[-72.03792,41.32379],[-72.03782,41.32459],[-72.03842,41.32429],[-72.03812,41.32289],[-72.03682,41.32299],[-72.03672,41.32199],[-72.03612,41.32239],[-72.03602,41.32329],[-72.03662,41.32409],[-72.03622,41.32509],[-72.03552,41.32529],[-72.03532,41.32629],[-72.03592,41.32659],[-72.03412,41.32839],[-72.03402,41.33119],[-72.03312,41.33189],[-72.03272,41.33429],[-72.03402,41.33529],[-72.03532,41.33519],[-72.03412,41.33559],[-72.03472,41.33649],[-72.03352,41.33949],[-72.03462,41.34099],[-72.03422,41.34129],[-72.03512,41.34299],[-72.03792,41.34659],[-72.03792,41.34409],[-72.03592,41.33869],[-72.03722,41.33509],[-72.03592,41.33499],[-72.03731,41.33429],[-72.03662,41.33409],[-72.03592,41.33289],[-72.03762,41.33119],[-72.03552,41.32969],[-72.03682,41.33009],[-72.03872,41.32889],[-72.04182,41.32879],[-72.04152,41.32579],[-72.04372,41.32359],[-72.04422,41.32229],[-72.04542,41.32339],[-72.04522,41.32449],[-72.04602,41.32349],[-72.04542,41.32239],[-72.04972,41.32039],[-72.04912,41.32139],[-72.05012,41.32219],[-72.04882,41.32269],[-72.04772,41.32459],[-72.04941,41.32309],[-72.05382,41.32239],[-72.05392,41.32539],[-72.05221,41.32669],[-72.05242,41.32699],[-72.05362,41.32669],[-72.05682,41.32959],[-72.05612,41.32999],[-72.05592,41.33179],[-72.05382,41.33379],[-72.05781,41.33079],[-72.05792,41.33259],[-72.05942,41.33409],[-72.05902,41.33619],[-72.06042,41.34089],[-72.05971,41.33319],[-72.05872,41.33219],[-72.05902,41.33079],[-72.05752,41.32889],[-72.05612,41.32819],[-72.05642,41.32739],[-72.05522,41.32659],[-72.05842,41.32719],[-72.05572,41.32559],[-72.05582,41.32219],[-72.05532,41.32199],[-72.05572,41.32129],[-72.05562,41.31879],[-72.05522,41.31779],[-72.05572,41.31769],[-72.05672,41.32039],[-72.05772,41.32089],[-72.06122,41.31839],[-72.06242,41.31839],[-72.06332,41.31909],[-72.06112,41.31649],[-72.06322,41.31519],[-72.06652,41.31589],[-72.06672,41.31879],[-72.06782,41.31959],[-72.07452,41.31929],[-72.07502,41.31879],[-72.07662,41.31919],[-72.07592,41.31919],[-72.07672,41.31989],[-72.07652,41.32029],[-72.07562,41.31989],[-72.07542,41.32089],[-72.07392,41.32109],[-72.07472,41.32179],[-72.07602,41.32169],[-72.07562,41.32199],[-72.07742,41.32309],[-72.07652,41.32299],[-72.07612,41.32419],[-72.07732,41.32449],[-72.07802,41.32649],[-72.07872,41.32679],[-72.07982,41.32959],[-72.08002,41.33219],[-72.08032,41.33179],[-72.08032,41.33439],[-72.07922,41.33509],[-72.08042,41.33559],[-72.08172,41.33869],[-72.08192,41.34169],[-72.08322,41.34169],[-72.08302,41.34229],[-72.08342,41.34259],[-72.08232,41.34319],[-72.08252,41.34689],[-72.08312,41.34759],[-72.08222,41.34819],[-72.08182,41.34989],[-72.08362,41.35249],[-72.08522,41.35819],[-72.08462,41.35869],[-72.08472,41.36289],[-72.08342,41.36309],[-72.08532,41.36319],[-72.08392,41.36449],[-72.08332,41.36739],[-72.08492,41.36849],[-72.08852,41.37779],[-72.08742,41.38499],[-72.08892,41.38929],[-72.08952,41.39039],[-72.09022,41.39069],[-72.09292,41.39659],[-72.09242,41.39849],[-72.09322,41.4003]]],[[[-71.99132,41.31469],[-71.9923,41.3138],[-71.99243,41.3155],[-71.99132,41.31469]]],[[[-71.97254,41.34146],[-71.97221,41.34168],[-71.97255,41.34124],[-71.97254,41.34146]]]]}},{"type":"Feature","properties":{"name":"Guilford School District"},"geometry":{"type":"MultiPolygon","coordinates":[[[[-72.67874,41.4338],[-72.67967,41.37976],[-72.67822,41.37186],[-72.67862,41.36009],[-72.67815,41.3574],[-72.67602,41.35343],[-72.67601,41.35159],[-72.67496,41.34857],[-72.66528,41.33538],[-72.6641,41.33545],[-72.65845,41.33029],[-72.65549,41.33134],[-72.65047,41.32839],[-72.65037,41.32658],[-72.64755,41.32553],[-72.64627,41.32422],[-72.64509,41.32403],[-72.6453,41.32297],[-72.64439,41.3225],[-72.64243,41.32256],[-72.64184,41.3213],[-72.642,41.32034],[-72.64015,41.31845],[-72.63828,41.31803],[-72.63732,41.31678],[-72.63642,41.31645],[-72.63591,41.31532],[-72.63637,41.31513],[-72.6363,41.31434],[-72.63572,41.31299],[-72.63437,41.3128],[-72.63435,41.3121],[-72.63171,41.30933],[-72.6329,41.30763],[-72.63289,41.30527],[-72.63397,41.30391],[-72.63326,41.29936],[-72.64434,41.29101],[-72.64434,41.29249],[-72.64724,41.29279],[-72.64783,41.29329],[-72.64654,41.29409],[-72.64654,41.29539],[-72.64734,41.29579],[-72.65163,41.29569],[-72.65304,41.29719],[-72.65544,41.29809],[-72.65533,41.29969],[-72.65834,41.30189],[-72.65864,41.30299],[-72.65974,41.30299],[-72.66074,41.30409],[-72.66214,41.30449],[-72.66684,41.30819],[-72.66794,41.30829],[-72.66854,41.30759],[-72.67254,41.31099],[-72.67134,41.30959],[-72.67164,41.30949],[-72.66923,41.30759],[-72.66844,41.30729],[-72.66694,41.30799],[-72.66674,41.30719],[-72.66404,41.30569],[-72.66294,41.30439],[-72.65884,41.30259],[-72.65874,41.30179],[-72.65564,41.29959],[-72.65613,41.29859],[-72.65564,41.29789],[-72.65333,41.29679],[-72.65274,41.29589],[-72.65163,41.29529],[-72.64714,41.29529],[-72.64704,41.29429],[-72.64824,41.29359],[-72.64824,41.29299],[-72.64693,41.29229],[-72.64464,41.29219],[-72.64593,41.28939],[-72.64714,41.29049],[-72.64905,41.28921],[-72.64829,41.28837],[-72.6465,41.28765],[-72.64794,41.28779],[-72.64683,41.28709],[-72.64794,41.28619],[-72.64714,41.28399],[-72.64544,41.28249],[-72.64484,41.28119],[-72.64603,41.28069],[-72.64773,41.28109],[-72.64963,41.27969],[-72.64844,41.27589],[-72.64973,41.27469],[-72.65224,41.27509],[-72.65454,41.27419],[-72.65523,41.27239],[-72.65474,41.27139],[-72.65613,41.27019],[-72.65893,41.27049],[-72.66154,41.27169],[-72.66373,41.27189],[-72.66543,41.27109],[-72.66614,41.27249],[-72.66524,41.27329],[-72.66414,41.27329],[-72.66354,41.27409],[-72.66564,41.27349],[-72.66664,41.27209],[-72.66553,41.27059],[-72.66716,41.26828],[-72.66834,41.26769],[-72.66753,41.26614],[-72.66853,41.26622],[-72.66903,41.26551],[-72.67076,41.26697],[-72.6717,41.26716],[-72.6731,41.26708],[-72.67465,41.26651],[-72.67464,41.26613],[-72.68054,41.27009],[-72.68154,41.27169],[-72.68468,41.27376],[-72.68244,41.27189],[-72.68104,41.26969],[-72.67619,41.26641],[-72.67477,41.26508],[-72.6748,41.26432],[-72.67412,41.26406],[-72.67707,41.26417],[-72.67803,41.26306],[-72.67725,41.26233],[-72.67824,41.26234],[-72.67885,41.26115],[-72.67838,41.26],[-72.67731,41.25963],[-72.67664,41.25799],[-72.67714,41.25729],[-72.67684,41.25649],[-72.67734,41.25459],[-72.67784,41.25489],[-72.67853,41.25459],[-72.67934,41.25559],[-72.67994,41.25549],[-72.68004,41.25609],[-72.68224,41.25679],[-72.68404,41.25819],[-72.68494,41.25759],[-72.68454,41.25519],[-72.68497,41.25499],[-72.68573,41.25147],[-72.69021,41.24689],[-72.69092,41.24757],[-72.69245,41.24734],[-72.69374,41.24556],[-72.69474,41.24496],[-72.69744,41.24589],[-72.69571,41.247],[-72.69697,41.24787],[-72.69944,41.24709],[-72.70071,41.24749],[-72.70209,41.24658],[-72.70173,41.24612],[-72.7027,41.24529],[-72.70444,41.24413],[-72.70525,41.24433],[-72.70626,41.24369],[-72.7066,41.24496],[-72.70753,41.24487],[-72.70721,41.24459],[-72.70767,41.24404],[-72.70788,41.24446],[-72.70853,41.24419],[-72.70877,41.24459],[-72.71026,41.24471],[-72.71084,41.24569],[-72.70964,41.24519],[-72.70944,41.24569],[-72.70764,41.24609],[-72.70634,41.24539],[-72.70464,41.24569],[-72.70394,41.24639],[-72.70714,41.24649],[-72.70684,41.24739],[-72.70518,41.2478],[-72.70529,41.24934],[-72.7064,41.24858],[-72.70714,41.24867],[-72.70796,41.24786],[-72.70885,41.24842],[-72.70917,41.24725],[-72.70979,41.24803],[-72.71014,41.24728],[-72.71052,41.24755],[-72.71155,41.24689],[-72.7135,41.24723],[-72.71326,41.24828],[-72.71419,41.24877],[-72.7133,41.24883],[-72.71156,41.25062],[-72.70843,41.25128],[-72.70697,41.25275],[-72.70469,41.25372],[-72.70289,41.25586],[-72.70376,41.25757],[-72.70474,41.25769],[-72.70424,41.25869],[-72.70644,41.25999],[-72.71054,41.25769],[-72.71204,41.25769],[-72.71614,41.25599],[-72.71624,41.25669],[-72.71684,41.25669],[-72.71844,41.25579],[-72.71954,41.25629],[-72.71814,41.25769],[-72.71584,41.25839],[-72.71514,41.25999],[-72.71574,41.26009],[-72.71494,41.26119],[-72.71704,41.26279],[-72.72474,41.25799],[-72.72544,41.25839],[-72.72484,41.25849],[-72.72464,41.25929],[-72.72344,41.25969],[-72.72364,41.26069],[-72.72504,41.26009],[-72.7261,41.26118],[-72.72668,41.26118],[-72.72654,41.25909],[-72.72584,41.25859],[-72.72644,41.25759],[-72.72854,41.25689],[-72.72794,41.25759],[-72.72844,41.25929],[-72.72894,41.25809],[-72.73014,41.25839],[-72.73074,41.25909],[-72.73064,41.25769],[-72.73154,41.25679],[-72.73074,41.25659],[-72.73114,41.25579],[-72.73304,41.25469],[-72.73444,41.25459],[-72.73244,41.25629],[-72.73634,41.25629],[-72.73714,41.25659],[-72.73694,41.25699],[-72.73754,41.25739],[-72.73684,41.25819],[-72.73374,41.25909],[-72.73374,41.25979],[-72.73444,41.25999],[-72.73404,41.25959],[-72.73544,41.25869],[-72.73644,41.25899],[-72.73644,41.26069],[-72.73584,41.26149],[-72.73704,41.26109],[-72.73451,41.26285],[-72.73186,41.26266],[-72.73124,41.26364],[-72.73225,41.26557],[-72.72805,41.268],[-72.73582,41.28407],[-72.73813,41.28629],[-72.74204,41.2972],[-72.74669,41.30804],[-72.74145,41.32369],[-72.74213,41.33456],[-72.74383,41.34636],[-72.74682,41.38256],[-72.7493,41.39809],[-72.74597,41.3969],[-72.74274,41.403],[-72.7408,41.40434],[-72.73282,41.412],[-72.7282,41.41764],[-72.72337,41.41914],[-72.72216,41.42292],[-72.72145,41.42372],[-72.72064,41.4274],[-72.69264,41.4323],[-72.68267,41.43378],[-72.67874,41.4338]]],[[[-72.73344,41.25359],[-72.73444,41.25319],[-72.73494,41.25369],[-72.73384,41.25429],[-72.73334,41.25419],[-72.73344,41.25359]]],[[[-72.70704,41.25649],[-72.70874,41.25529],[-72.70884,41.25609],[-72.70704,41.25649]]],[[[-72.71224,41.25589],[-72.71384,41.25529],[-72.71384,41.25589],[-72.71214,41.25659],[-72.71224,41.25589]]],[[[-72.72904,41.25619],[-72.73014,41.25579],[-72.73014,41.25649],[-72.72944,41.25689],[-72.72904,41.25619]]],[[[-72.65427,41.27125],[-72.65428,41.27123],[-72.65427,41.27127],[-72.65427,41.27125]]],[[[-72.66024,41.26989],[-72.65628,41.2694],[-72.65451,41.2657],[-72.65553,41.26629],[-72.65842,41.26501],[-72.66079,41.26787],[-72.66434,41.27029],[-72.66384,41.27129],[-72.66254,41.27129],[-72.66024,41.26989]]],[[[-72.64922,41.2796],[-72.64924,41.27959],[-72.64924,41.27959],[-72.64922,41.2796]]],[[[-72.64443,41.28093],[-72.64488,41.28072],[-72.64443,41.28094],[-72.64443,41.28093]]],[[[-72.64721,41.2864],[-72.64724,41.28634],[-72.64724,41.28639],[-72.64721,41.2864]]],[[[-72.64597,41.28721],[-72.64639,41.28667],[-72.64615,41.28747],[-72.64597,41.28721]]],[[[-72.64714,41.28999],[-72.64671,41.2896],[-72.64781,41.28956],[-72.64714,41.28999]]],[[[-72.64497,41.28953],[-72.64523,41.28931],[-72.64481,41.29036],[-72.64497,41.28953]]]]}},{"type":"Feature","properties":{"name":"Hamden School District"},"geometry":{"type":"MultiPolygon","coordinates":[[[[-72.85849,41.42944],[-72.86178,41.42593],[-72.86409,41.42657],[-72.87417,41.42631],[-72.87778,41.42432],[-72.88178,41.42313],[-72.88315,41.42331],[-72.88457,41.41141],[-72.88637,41.4113],[-72.88533,41.39964],[-72.88699,41.39329],[-72.89086,41.39322],[-72.89284,41.38947],[-72.89349,41.38614],[-72.89529,41.38447],[-72.89556,41.38359],[-72.89918,41.38135],[-72.89992,41.38003],[-72.90379,41.37811],[-72.90802,41.36652],[-72.88215,41.361],[-72.88184,41.35979],[-72.88444,41.35649],[-72.88474,41.35459],[-72.8829,41.35312],[-72.88104,41.35279],[-72.87824,41.35329],[-72.87634,41.35289],[-72.87464,41.35149],[-72.87364,41.34919],[-72.87485,41.34779],[-72.87704,41.34699],[-72.88035,41.34819],[-72.88004,41.34789],[-72.88145,41.34699],[-72.88304,41.34419],[-72.88534,41.34289],[-72.88805,41.34049],[-72.88995,41.33359],[-72.88975,41.33179],[-72.89284,41.33109],[-72.89345,41.32989],[-72.89186,41.3284],[-72.8929,41.32802],[-72.89331,41.3289],[-72.90254,41.3272],[-72.91323,41.33359],[-72.93517,41.33532],[-72.95397,41.33737],[-72.95719,41.34025],[-72.95592,41.34091],[-72.95518,41.34235],[-72.95287,41.34379],[-72.95136,41.34395],[-72.95148,41.34711],[-72.95241,41.34757],[-72.95391,41.34742],[-72.95281,41.34908],[-72.95467,41.35016],[-72.95774,41.35039],[-72.95864,41.34908],[-72.96125,41.34901],[-72.96206,41.3463],[-72.96419,41.34642],[-72.96446,41.34379],[-72.96684,41.34544],[-72.96783,41.34791],[-72.97315,41.34745],[-72.97482,41.35261],[-72.9754,41.35994],[-72.97411,41.36527],[-72.96735,41.37774],[-72.96113,41.38794],[-72.95703,41.39297],[-72.95362,41.39555],[-72.95291,41.39695],[-72.95352,41.39974],[-72.94473,41.40623],[-72.93893,41.40858],[-72.94015,41.41122],[-72.95256,41.41937],[-72.95071,41.42781],[-72.95525,41.42893],[-72.96158,41.43243],[-72.96349,41.43754],[-72.96269,41.43873],[-72.96324,41.43941],[-72.95792,41.4452],[-72.95814,41.44884],[-72.95715,41.4501],[-72.95255,41.4529],[-72.95145,41.4544],[-72.94905,41.4558],[-72.94745,41.4601],[-72.94805,41.4641],[-72.93594,41.4627],[-72.92674,41.4603],[-72.91693,41.45971],[-72.85136,41.43438],[-72.85436,41.43084],[-72.85607,41.42983],[-72.85849,41.42944]]],[[[-72.87876,41.34463],[-72.87878,41.34462],[-72.87877,41.34463],[-72.87876,41.34463]]],[[[-72.88024,41.34489],[-72.88004,41.34349],[-72.88254,41.34419],[-72.88164,41.34579],[-72.88024,41.34489]]]]}},{"type":"Feature","properties":{"name":"Hampton School District"},"geometry":{"type":"Polygon","coordinates":[[[-72.09245,41.83167],[-72.0318,41.83172],[-72.0214,41.8282],[-72.01632,41.81266],[-72.01449,41.80499],[-72.01801,41.78264],[-72.0229,41.75963],[-72.04583,41.73047],[-72.08098,41.73513],[-72.10263,41.74444],[-72.09973,41.75711],[-72.09657,41.76832],[-72.09276,41.81419],[-72.09245,41.83167]]]}},{"type":"Feature","properties":{"name":"Hartford School District"},"geometry":{"type":"Polygon","coordinates":[[[-72.68614,41.8029],[-72.65867,41.80732],[-72.65836,41.80572],[-72.66043,41.80619],[-72.66274,41.80563],[-72.66286,41.80149],[-72.66079,41.80136],[-72.65833,41.8031],[-72.65573,41.80599],[-72.64564,41.80583],[-72.64569,41.8048],[-72.6481,41.80506],[-72.64844,41.80029],[-72.64813,41.78649],[-72.65874,41.77759],[-72.66694,41.77269],[-72.66673,41.76949],[-72.66714,41.76909],[-72.66604,41.76549],[-72.66753,41.76479],[-72.66244,41.75799],[-72.65704,41.75359],[-72.65083,41.75099],[-72.65294,41.75139],[-72.64693,41.74659],[-72.64544,41.74389],[-72.64394,41.73549],[-72.64933,41.72829],[-72.6556,41.72991],[-72.69103,41.7254],[-72.71456,41.72363],[-72.71537,41.74435],[-72.71496,41.74495],[-72.71523,41.74765],[-72.71478,41.75643],[-72.71647,41.7708],[-72.7139,41.77742],[-72.71585,41.79513],[-72.71708,41.80103],[-72.7179,41.80146],[-72.71802,41.80219],[-72.71759,41.80662],[-72.69139,41.80757],[-72.69008,41.80084],[-72.68604,41.80017],[-72.68614,41.8029]]]}},{"type":"Feature","properties":{"name":"Hartland School District"},"geometry":{"type":"Polygon","coordinates":[[[-72.86364,42.03753],[-72.86382,42.03538],[-72.873,42.01163],[-72.87454,42.00882],[-72.87762,42.00016],[-72.87761,41.99899],[-72.88706,41.97312],[-72.96269,41.97037],[-73.02954,41.96661],[-73.02054,42.00009],[-73.00877,42.03879],[-72.86364,42.03753]]]}},{"type":"Feature","properties":{"name":"Hebron School District"},"geometry":{"type":"Polygon","coordinates":[[[-72.35648,41.7015],[-72.35153,41.68717],[-72.33423,41.6436],[-72.32923,41.6296],[-72.32451,41.61857],[-72.32809,41.60547],[-72.34354,41.59925],[-72.35244,41.59905],[-72.35621,41.59755],[-72.35927,41.59847],[-72.36249,41.60119],[-72.36372,41.60116],[-72.36522,41.59978],[-72.36782,41.6002],[-72.37109,41.59947],[-72.37433,41.60141],[-72.37521,41.6014],[-72.37613,41.60028],[-72.37637,41.59884],[-72.37709,41.59845],[-72.37659,41.59756],[-72.3774,41.59703],[-72.37761,41.59624],[-72.38079,41.59535],[-72.38106,41.59416],[-72.38223,41.59362],[-72.38237,41.59207],[-72.38396,41.59055],[-72.38347,41.59025],[-72.38415,41.58865],[-72.39748,41.59483],[-72.39934,41.59486],[-72.40127,41.59563],[-72.40606,41.59879],[-72.40848,41.60233],[-72.41037,41.60258],[-72.40948,41.6086],[-72.40951,41.62005],[-72.40787,41.62522],[-72.40922,41.63075],[-72.41372,41.63472],[-72.41385,41.63692],[-72.41573,41.6393],[-72.41589,41.64021],[-72.42943,41.6623],[-72.44813,41.6719],[-72.45297,41.69203],[-72.46013,41.7273],[-72.42282,41.73196],[-72.41911,41.7251],[-72.41368,41.71827],[-72.41239,41.7158],[-72.39875,41.69691],[-72.35648,41.7015]]]}},{"type":"Feature","properties":{"name":"Kent School District"},"geometry":{"type":"Polygon","coordinates":[[[-73.41013,41.78829],[-73.41484,41.78145],[-73.38692,41.78101],[-73.39323,41.76093],[-73.40157,41.75436],[-73.39855,41.73617],[-73.38347,41.70931],[-73.38348,41.70833],[-73.38005,41.70398],[-73.38032,41.70168],[-73.37875,41.69938],[-73.38399,41.69876],[-73.38311,41.68706],[-73.38212,41.68333],[-73.40131,41.68077],[-73.44629,41.67573],[-73.45666,41.67498],[-73.50186,41.66955],[-73.50407,41.6691],[-73.50692,41.6658],[-73.51038,41.6665],[-73.51602,41.66596],[-73.51808,41.66672],[-73.51678,41.68758],[-73.51319,41.7259],[-73.51096,41.75875],[-73.50793,41.79152],[-73.41013,41.78829]]]}},{"type":"Feature","properties":{"name":"Killingly School District"},"geometry":{"type":"Polygon","coordinates":[[[-71.79683,41.90445],[-71.79125,41.7745],[-71.91724,41.75971],[-71.91444,41.76307],[-71.91352,41.76602],[-71.9105,41.76841],[-71.90917,41.77056],[-71.90633,41.77212],[-71.9057,41.77312],[-71.90581,41.77647],[-71.90374,41.78017],[-71.8906,41.78379],[-71.88896,41.78488],[-71.88872,41.78719],[-71.88974,41.78948],[-71.89013,41.79321],[-71.88901,41.79441],[-71.88608,41.79558],[-71.88568,41.79702],[-71.88659,41.79933],[-71.88647,41.80072],[-71.88725,41.80181],[-71.89901,41.80754],[-71.89893,41.80883],[-71.89796,41.80942],[-71.89569,41.80965],[-71.89488,41.81045],[-71.89481,41.81127],[-71.8965,41.81395],[-71.89955,41.81647],[-71.90201,41.81665],[-71.90621,41.81545],[-71.90867,41.81571],[-71.91184,41.81477],[-71.91439,41.81572],[-71.91392,41.81627],[-71.90889,41.81698],[-71.90808,41.81772],[-71.90686,41.82108],[-71.90794,41.82326],[-71.90771,41.82533],[-71.90511,41.82805],[-71.9043,41.83128],[-71.90813,41.83344],[-71.91015,41.83581],[-71.91004,41.83681],[-71.91086,41.83831],[-71.91426,41.84071],[-71.91607,41.84489],[-71.91907,41.84613],[-71.92098,41.84951],[-71.92288,41.85017],[-71.92581,41.84958],[-71.92734,41.85077],[-71.92713,41.85339],[-71.92616,41.85636],[-71.92311,41.8597],[-71.923,41.86279],[-71.91821,41.86863],[-71.91583,41.86998],[-71.91421,41.86995],[-71.91202,41.86908],[-71.90963,41.86961],[-71.90893,41.87067],[-71.90884,41.87237],[-71.90561,41.87318],[-71.90379,41.87665],[-71.89834,41.88064],[-71.79683,41.90445]]]}},{"type":"Feature","properties":{"name":"Lebanon School District"},"geometry":{"type":"Polygon","coordinates":[[[-72.23956,41.71419],[-72.21718,41.69801],[-72.20824,41.69225],[-72.18665,41.67628],[-72.15755,41.65763],[-72.18748,41.60232],[-72.18966,41.59743],[-72.1981,41.58351],[-72.21911,41.53882],[-72.22909,41.54728],[-72.24741,41.56037],[-72.26196,41.574],[-72.30951,41.61151],[-72.31312,41.60952],[-72.32441,41.61843],[-72.32923,41.6296],[-72.33423,41.6436],[-72.30364,41.65398],[-72.27867,41.67198],[-72.26842,41.67114],[-72.26812,41.67303],[-72.26702,41.6746],[-72.26747,41.67591],[-72.26614,41.67727],[-72.26739,41.67817],[-72.26786,41.68153],[-72.2696,41.68474],[-72.26939,41.68571],[-72.27475,41.69061],[-72.27404,41.6918],[-72.27431,41.69261],[-72.27332,41.69286],[-72.27012,41.69133],[-72.26921,41.69154],[-72.26819,41.69277],[-72.26758,41.69138],[-72.2665,41.69067],[-72.26525,41.69161],[-72.26394,41.69183],[-72.26352,41.69334],[-72.26235,41.6939],[-72.26204,41.69483],[-72.26128,41.69535],[-72.26168,41.69606],[-72.26088,41.69668],[-72.26073,41.69865],[-72.25842,41.69844],[-72.25772,41.69979],[-72.25537,41.7005],[-72.25384,41.70043],[-72.25201,41.69908],[-72.25017,41.69933],[-72.25144,41.70148],[-72.25125,41.70332],[-72.24725,41.70412],[-72.24598,41.70372],[-72.24519,41.70511],[-72.24438,41.70509],[-72.24402,41.70573],[-72.24423,41.70673],[-72.24721,41.70687],[-72.24781,41.70798],[-72.24759,41.70882],[-72.24657,41.70827],[-72.2457,41.71095],[-72.24462,41.71079],[-72.24466,41.71177],[-72.24329,41.71212],[-72.24372,41.71306],[-72.24496,41.71388],[-72.24401,41.71441],[-72.24344,41.71386],[-72.24286,41.71409],[-72.24266,41.71307],[-72.2401,41.7136],[-72.23956,41.71419]]]}},{"type":"Feature","properties":{"name":"Ledyard School District"},"geometry":{"type":"Polygon","coordinates":[[[-71.94327,41.43365],[-71.94336,41.43128],[-71.9428,41.4302],[-71.94324,41.42907],[-71.94591,41.42798],[-71.95077,41.42452],[-71.9525,41.42208],[-71.95214,41.42139],[-71.95259,41.42057],[-71.95356,41.42005],[-71.95362,41.41845],[-71.95646,41.41566],[-71.95687,41.41384],[-71.95811,41.41278],[-71.96101,41.41252],[-71.96282,41.41145],[-71.96296,41.4108],[-71.96242,41.40994],[-71.96306,41.40921],[-71.96367,41.40702],[-71.96266,41.40423],[-71.96254,41.40177],[-71.962,41.40119],[-71.96304,41.4001],[-71.96129,41.3979],[-72.02237,41.39934],[-72.09322,41.4003],[-72.09342,41.40299],[-72.09392,41.40359],[-72.09342,41.40429],[-72.09352,41.40759],[-72.09432,41.40779],[-72.09432,41.40829],[-72.09322,41.40899],[-72.09332,41.41009],[-72.09272,41.41019],[-72.09064,41.41284],[-72.09017,41.4127],[-72.09029,41.41207],[-72.09,41.41254],[-72.08813,41.41256],[-72.08803,41.41157],[-72.08562,41.41052],[-72.08306,41.41087],[-72.08312,41.41129],[-72.08442,41.41115],[-72.08488,41.41191],[-72.08782,41.41259],[-72.08681,41.4139],[-72.08782,41.41619],[-72.08947,41.41325],[-72.09002,41.41283],[-72.09046,41.41305],[-72.08865,41.41647],[-72.08965,41.41849],[-72.08921,41.42091],[-72.09139,41.42272],[-72.09101,41.42489],[-72.09133,41.42633],[-72.09257,41.42796],[-72.09238,41.42844],[-72.09421,41.43063],[-72.09115,41.43206],[-72.09162,41.43368],[-72.09098,41.43555],[-72.08737,41.43855],[-72.08817,41.43924],[-72.08412,41.4474],[-72.08282,41.4489],[-72.07362,41.4563],[-72.07082,41.4603],[-72.07002,41.4636],[-72.06492,41.4657],[-72.05809,41.47359],[-72.05871,41.47829],[-72.05842,41.4799],[-72.0571,41.48169],[-72.05507,41.48365],[-72.05008,41.48494],[-72.04673,41.48522],[-72.04093,41.48471],[-72.03981,41.48431],[-72.03967,41.48289],[-72.03383,41.4848],[-72.02363,41.4831],[-72.01875,41.48388],[-72.00591,41.4848],[-71.95662,41.4874],[-71.94744,41.45822],[-71.94813,41.45691],[-71.94935,41.44922],[-71.94705,41.44639],[-71.94661,41.44336],[-71.94583,41.44167],[-71.94452,41.44117],[-71.94289,41.44138],[-71.94241,41.44004],[-71.94266,41.43864],[-71.94374,41.43748],[-71.94259,41.435],[-71.94327,41.43365]]]}},{"type":"Feature","properties":{"name":"Lisbon School District"},"geometry":{"type":"Polygon","coordinates":[[[-71.97525,41.63812],[-71.97901,41.63144],[-71.97935,41.62867],[-71.97857,41.62621],[-71.97901,41.6241],[-71.98295,41.61848],[-71.98276,41.61512],[-71.98441,41.6101],[-71.98635,41.6093],[-71.99155,41.60553],[-71.9916,41.60478],[-71.99088,41.604],[-71.98778,41.6032],[-71.98457,41.59794],[-71.98479,41.59232],[-71.9868,41.58952],[-71.98702,41.58826],[-71.98484,41.58625],[-71.9845,41.58505],[-71.98878,41.5802],[-71.98955,41.5769],[-71.98965,41.57598],[-71.98802,41.57206],[-71.98923,41.56564],[-71.9906,41.56479],[-71.99305,41.56642],[-72.00004,41.56565],[-72.00332,41.5666],[-72.00703,41.56869],[-72.01072,41.5694],[-72.01168,41.56863],[-72.01268,41.56474],[-72.01578,41.5573],[-72.01916,41.55396],[-72.02269,41.55343],[-72.02678,41.55494],[-72.02954,41.55528],[-72.03659,41.55367],[-72.04141,41.55558],[-72.04612,41.556],[-72.04321,41.56109],[-72.0434,41.56296],[-72.04562,41.5687],[-72.0459,41.57056],[-72.0452,41.57376],[-72.04118,41.58043],[-72.04168,41.58172],[-72.04298,41.58193],[-72.04447,41.58301],[-72.04597,41.5853],[-72.04786,41.59482],[-72.04661,41.59574],[-72.04359,41.60093],[-72.04078,41.60414],[-72.03793,41.60644],[-72.03563,41.61066],[-72.03546,41.61169],[-72.03616,41.61285],[-72.03637,41.61533],[-72.03724,41.61621],[-72.03778,41.61881],[-72.04023,41.62336],[-72.04062,41.62837],[-72.04027,41.6293],[-72.0323,41.63503],[-72.03261,41.63668],[-72.0319,41.63952],[-72.03202,41.6419],[-72.03083,41.6435],[-72.03057,41.64474],[-72.03122,41.64724],[-71.97525,41.63812]]]}},{"type":"Feature","properties":{"name":"Litchfield School District"},"geometry":{"type":"Polygon","coordinates":[[[-73.11977,41.77564],[-73.12036,41.77502],[-73.12039,41.7741],[-73.1183,41.77245],[-73.11616,41.7696],[-73.1166,41.76854],[-73.11603,41.76672],[-73.1172,41.76292],[-73.11611,41.75992],[-73.11698,41.75855],[-73.1172,41.75667],[-73.11407,41.75379],[-73.1121,41.75071],[-73.11264,41.74857],[-73.11399,41.74769],[-73.11532,41.74518],[-73.11557,41.74193],[-73.11401,41.74029],[-73.11177,41.73912],[-73.1093,41.73871],[-73.10563,41.7364],[-73.1051,41.7358],[-73.10508,41.73466],[-73.10191,41.73104],[-73.099,41.73065],[-73.09765,41.72979],[-73.09413,41.72525],[-73.09312,41.72457],[-73.0932,41.72344],[-73.0926,41.7224],[-73.0893,41.71974],[-73.08866,41.71808],[-73.08751,41.71756],[-73.0815,41.71703],[-73.07877,41.71467],[-73.071,41.71035],[-73.0684,41.70709],[-73.0837,41.69927],[-73.09541,41.69448],[-73.14135,41.67275],[-73.1568,41.71586],[-73.20009,41.71163],[-73.27631,41.70785],[-73.27549,41.69522],[-73.28824,41.70476],[-73.29383,41.70828],[-73.29482,41.71031],[-73.29579,41.71069],[-73.29498,41.71263],[-73.29339,41.71447],[-73.29273,41.71793],[-73.29426,41.72504],[-73.29529,41.72603],[-73.29589,41.7307],[-73.29522,41.7323],[-73.29425,41.73262],[-73.29357,41.73372],[-73.29331,41.7366],[-73.29379,41.73772],[-73.29519,41.75007],[-73.29617,41.76335],[-73.29856,41.77903],[-73.2246,41.78814],[-73.16318,41.79399],[-73.15859,41.78476],[-73.12212,41.77659],[-73.11977,41.77564]]]}},{"type":"Feature","properties":{"name":"Madison School District"},"geometry":{"type":"MultiPolygon","coordinates":[[[[-72.65252,41.43465],[-72.6498,41.4356],[-72.64864,41.43539],[-72.64848,41.43365],[-72.64898,41.43232],[-72.64962,41.43195],[-72.64959,41.43101],[-72.64613,41.43113],[-72.64226,41.42924],[-72.64879,41.422],[-72.65048,41.41912],[-72.6494,41.41755],[-72.64741,41.41696],[-72.64687,41.41574],[-72.64517,41.41585],[-72.64476,41.41521],[-72.63832,41.41247],[-72.6368,41.41273],[-72.63203,41.41214],[-72.63157,41.41138],[-72.63252,41.41045],[-72.63265,41.40953],[-72.63212,41.40919],[-72.63232,41.40816],[-72.63044,41.40676],[-72.63084,41.4038],[-72.63028,41.40268],[-72.6288,41.40106],[-72.62526,41.39953],[-72.6251,41.39859],[-72.62591,41.39717],[-72.62439,41.39602],[-72.62406,41.39514],[-72.62271,41.39463],[-72.62246,41.39359],[-72.62128,41.39344],[-72.62002,41.39225],[-72.61808,41.39174],[-72.61603,41.38874],[-72.61233,41.38618],[-72.61293,41.38492],[-72.61384,41.3844],[-72.61401,41.38078],[-72.61262,41.37799],[-72.61142,41.3773],[-72.61152,41.3765],[-72.60884,41.37351],[-72.60874,41.37113],[-72.60924,41.37053],[-72.60813,41.3674],[-72.61064,41.36675],[-72.60935,41.36536],[-72.60975,41.36337],[-72.61223,41.36267],[-72.61263,41.36049],[-72.61224,41.35909],[-72.61282,41.35689],[-72.61265,41.35383],[-72.61235,41.35268],[-72.61147,41.35188],[-72.61288,41.35041],[-72.61172,41.34866],[-72.61112,41.34445],[-72.6113,41.34307],[-72.61261,41.34254],[-72.61269,41.34087],[-72.61372,41.34024],[-72.61346,41.33965],[-72.6144,41.33731],[-72.6136,41.33622],[-72.61411,41.33427],[-72.61496,41.33359],[-72.61443,41.33286],[-72.61476,41.33137],[-72.61427,41.32962],[-72.61208,41.32922],[-72.61149,41.32748],[-72.60865,41.32818],[-72.6072,41.32767],[-72.60598,41.32782],[-72.60277,41.32605],[-72.60078,41.32581],[-72.59951,41.32726],[-72.59769,41.32835],[-72.59667,41.32845],[-72.59571,41.32804],[-72.59588,41.32766],[-72.59502,41.32699],[-72.59479,41.32613],[-72.5915,41.32266],[-72.5892,41.32273],[-72.58751,41.32433],[-72.58594,41.32401],[-72.58596,41.3218],[-72.58515,41.31895],[-72.58781,41.31605],[-72.5889,41.31626],[-72.58961,41.3155],[-72.58741,41.31375],[-72.58521,41.31423],[-72.58462,41.31321],[-72.58653,41.31309],[-72.58903,41.31149],[-72.58614,41.30969],[-72.58664,41.30929],[-72.58604,41.30839],[-72.58623,41.30739],[-72.58494,41.30649],[-72.58194,41.30549],[-72.58163,41.30479],[-72.58214,41.30449],[-72.58214,41.30369],[-72.57934,41.30359],[-72.57664,41.30209],[-72.57654,41.30089],[-72.57223,41.29809],[-72.57123,41.29789],[-72.57194,41.29789],[-72.57214,41.29739],[-72.57043,41.29649],[-72.57114,41.29569],[-72.57014,41.29419],[-72.56783,41.29379],[-72.56734,41.29279],[-72.56613,41.29229],[-72.56423,41.28819],[-72.56154,41.28749],[-72.56113,41.28639],[-72.56033,41.28579],[-72.56123,41.28599],[-72.55763,41.28339],[-72.55743,41.28169],[-72.55633,41.28079],[-72.55123,41.28019],[-72.54893,41.28149],[-72.54653,41.28019],[-72.54833,41.27719],[-72.54519,41.27492],[-72.54507,41.27346],[-72.54754,41.27139],[-72.54723,41.27049],[-72.54764,41.26829],[-72.54913,41.26849],[-72.54913,41.26789],[-72.54893,41.26829],[-72.54754,41.26819],[-72.54694,41.26729],[-72.54803,41.26329],[-72.54864,41.26299],[-72.54803,41.26299],[-72.54813,41.26169],[-72.54733,41.26079],[-72.54653,41.26069],[-72.54633,41.25999],[-72.54582,41.26029],[-72.53614,41.2547],[-72.5368,41.25441],[-72.53703,41.25398],[-72.53662,41.25372],[-72.53803,41.2522],[-72.54076,41.25155],[-72.54108,41.25208],[-72.53948,41.25251],[-72.5413,41.25206],[-72.54079,41.25143],[-72.53998,41.25149],[-72.53641,41.25293],[-72.53648,41.2518],[-72.5384,41.25029],[-72.54167,41.25],[-72.5435,41.24883],[-72.54464,41.24871],[-72.55337,41.25614],[-72.56847,41.26683],[-72.57829,41.27127],[-72.58282,41.272],[-72.58529,41.2719],[-72.5853,41.27117],[-72.58947,41.27074],[-72.58993,41.27013],[-72.58948,41.26994],[-72.59326,41.27018],[-72.5982,41.26895],[-72.60008,41.26929],[-72.60227,41.27061],[-72.60426,41.27108],[-72.60686,41.27085],[-72.60804,41.27017],[-72.60743,41.26986],[-72.60897,41.26988],[-72.60896,41.27024],[-72.61038,41.27085],[-72.61508,41.27211],[-72.62055,41.27193],[-72.62114,41.27148],[-72.62224,41.27179],[-72.63041,41.27007],[-72.63177,41.26885],[-72.6317,41.2679],[-72.63283,41.26809],[-72.6355,41.26728],[-72.63769,41.26748],[-72.63855,41.26685],[-72.64199,41.26705],[-72.64956,41.26531],[-72.65097,41.26628],[-72.65451,41.2657],[-72.65628,41.2694],[-72.65284,41.26729],[-72.64873,41.26719],[-72.64873,41.26819],[-72.64904,41.26749],[-72.65294,41.26769],[-72.65594,41.26969],[-72.65433,41.27059],[-72.65454,41.27269],[-72.65414,41.27389],[-72.65234,41.27439],[-72.64944,41.27439],[-72.64773,41.27609],[-72.64924,41.27959],[-72.64704,41.28089],[-72.64654,41.28029],[-72.64434,41.28099],[-72.64424,41.28169],[-72.64644,41.28399],[-72.64724,41.28634],[-72.64609,41.2868],[-72.64584,41.28879],[-72.64388,41.29161],[-72.63326,41.29936],[-72.63397,41.30391],[-72.63289,41.30527],[-72.6329,41.30763],[-72.63171,41.30933],[-72.63435,41.3121],[-72.63437,41.3128],[-72.63572,41.31299],[-72.6363,41.31434],[-72.63637,41.31513],[-72.63591,41.31532],[-72.63642,41.31645],[-72.63732,41.31678],[-72.63828,41.31803],[-72.64015,41.31845],[-72.642,41.32034],[-72.64184,41.3213],[-72.64243,41.32256],[-72.64439,41.3225],[-72.6453,41.32297],[-72.64509,41.32403],[-72.64627,41.32422],[-72.64755,41.32553],[-72.65037,41.32658],[-72.65047,41.32839],[-72.65549,41.33134],[-72.65845,41.33029],[-72.6641,41.33545],[-72.66528,41.33538],[-72.67496,41.34857],[-72.67601,41.35159],[-72.67602,41.35343],[-72.67815,41.3574],[-72.67862,41.36009],[-72.67822,41.37186],[-72.67967,41.37976],[-72.67874,41.4338],[-72.65419,41.43826],[-72.65365,41.43792],[-72.65456,41.43626],[-72.65252,41.43465]]],[[[-72.5465,41.26848],[-72.54684,41.26869],[-72.54655,41.26955],[-72.5465,41.26848]]],[[[-72.54434,41.2737],[-72.54437,41.27368],[-72.54435,41.27373],[-72.54434,41.2737]]],[[[-72.54609,41.28039],[-72.54603,41.28027],[-72.54629,41.2805],[-72.54609,41.28039]]],[[[-72.64683,41.28109],[-72.64692,41.28109],[-72.64685,41.28112],[-72.64683,41.28109]]],[[[-72.5593,41.28492],[-72.55873,41.28446],[-72.55943,41.28489],[-72.5593,41.28492]]],[[[-72.56014,41.2862],[-72.56012,41.28618],[-72.56013,41.28619],[-72.56014,41.2862]]],[[[-72.56414,41.28898],[-72.56387,41.28868],[-72.56393,41.28869],[-72.56414,41.28898]]],[[[-72.64671,41.2896],[-72.64614,41.28909],[-72.6465,41.28765],[-72.64829,41.28837],[-72.64905,41.28921],[-72.64671,41.2896]]],[[[-72.56563,41.29239],[-72.56532,41.29154],[-72.56633,41.29273],[-72.56563,41.29239]]],[[[-72.56756,41.29417],[-72.56727,41.29354],[-72.56777,41.29421],[-72.56756,41.29417]]],[[[-72.56876,41.29438],[-72.56873,41.29437],[-72.5688,41.29438],[-72.56876,41.29438]]],[[[-72.5716,41.29749],[-72.5705,41.29692],[-72.57163,41.29749],[-72.5716,41.29749]]],[[[-72.5707,41.298],[-72.57083,41.29788],[-72.5709,41.29807],[-72.5707,41.298]]],[[[-72.57454,41.30004],[-72.57454,41.30004],[-72.57455,41.30005],[-72.57454,41.30004]]],[[[-72.57557,41.30067],[-72.57544,41.30059],[-72.57594,41.30091],[-72.57557,41.30067]]],[[[-72.57982,41.30399],[-72.58006,41.30399],[-72.57988,41.304],[-72.57982,41.30399]]],[[[-72.58182,41.30399],[-72.58183,41.30399],[-72.58182,41.30401],[-72.58182,41.30399]]],[[[-72.58129,41.30551],[-72.58115,41.30491],[-72.58161,41.30574],[-72.58129,41.30551]]],[[[-72.58354,41.30654],[-72.58442,41.30654],[-72.58544,41.30726],[-72.58354,41.30654]]],[[[-72.58562,41.30966],[-72.58563,41.30965],[-72.58563,41.3097],[-72.58562,41.30966]]],[[[-72.5858,41.31011],[-72.58575,41.31002],[-72.58595,41.31024],[-72.5858,41.31011]]],[[[-72.5869,41.31103],[-72.58669,41.31086],[-72.58728,41.31116],[-72.5869,41.31103]]]]}},{"type":"Feature","properties":{"name":"Manchester School District"},"geometry":{"type":"Polygon","coordinates":[[[-72.47603,41.813],[-72.46513,41.7502],[-72.4639,41.74557],[-72.50078,41.74188],[-72.50129,41.74147],[-72.51572,41.73987],[-72.51814,41.74002],[-72.51966,41.73947],[-72.57123,41.7338],[-72.58349,41.80064],[-72.57959,41.80208],[-72.52488,41.81568],[-72.51669,41.81721],[-72.50543,41.8203],[-72.50753,41.8097],[-72.47603,41.813]]]}},{"type":"Feature","properties":{"name":"Mansfield School District"},"geometry":{"type":"Polygon","coordinates":[[[-72.2861,41.83619],[-72.1645,41.83491],[-72.15673,41.75379],[-72.15632,41.75349],[-72.15763,41.7518],[-72.15889,41.75144],[-72.15915,41.75074],[-72.16342,41.74974],[-72.16531,41.75033],[-72.16607,41.75196],[-72.16848,41.75223],[-72.17165,41.74847],[-72.17302,41.74948],[-72.17413,41.75118],[-72.17463,41.75101],[-72.17476,41.75016],[-72.17638,41.74998],[-72.17656,41.75072],[-72.17604,41.75144],[-72.17831,41.75309],[-72.17748,41.75387],[-72.17787,41.75537],[-72.18227,41.75621],[-72.18766,41.75518],[-72.18798,41.75374],[-72.18573,41.75191],[-72.18925,41.75041],[-72.18877,41.74841],[-72.18905,41.74711],[-72.19343,41.74371],[-72.19564,41.73961],[-72.19532,41.73606],[-72.19444,41.73495],[-72.1925,41.73453],[-72.191,41.73258],[-72.19096,41.7314],[-72.19244,41.73029],[-72.19497,41.72997],[-72.19682,41.73064],[-72.19771,41.73178],[-72.19852,41.73174],[-72.19916,41.72961],[-72.19774,41.72888],[-72.19813,41.72818],[-72.25264,41.7282],[-72.254,41.72952],[-72.2597,41.72962],[-72.26134,41.73248],[-72.26068,41.73414],[-72.2616,41.73562],[-72.26161,41.73669],[-72.26301,41.7369],[-72.2625,41.73834],[-72.26364,41.73936],[-72.26353,41.74047],[-72.26496,41.74126],[-72.26475,41.74218],[-72.26598,41.74388],[-72.2684,41.74474],[-72.26754,41.74505],[-72.26759,41.74551],[-72.26965,41.74604],[-72.26766,41.74745],[-72.26577,41.75031],[-72.26595,41.75276],[-72.2679,41.75638],[-72.27087,41.75976],[-72.27069,41.7611],[-72.26891,41.76214],[-72.26889,41.7629],[-72.26969,41.76416],[-72.27105,41.76428],[-72.27082,41.76573],[-72.27241,41.76716],[-72.27202,41.76786],[-72.27198,41.7712],[-72.27519,41.77378],[-72.27536,41.7761],[-72.27611,41.77717],[-72.28055,41.77946],[-72.28023,41.78156],[-72.28069,41.78439],[-72.29156,41.79533],[-72.29599,41.79501],[-72.29644,41.79574],[-72.29964,41.79712],[-72.30223,41.79693],[-72.30272,41.79746],[-72.30354,41.79731],[-72.30592,41.79539],[-72.30901,41.79629],[-72.31283,41.79831],[-72.31285,41.79915],[-72.31022,41.80017],[-72.30945,41.80155],[-72.31022,41.80293],[-72.31595,41.80538],[-72.3161,41.80774],[-72.31672,41.80822],[-72.31532,41.80929],[-72.31488,41.81258],[-72.31501,41.81316],[-72.31668,41.8145],[-72.31678,41.81636],[-72.31382,41.81852],[-72.31307,41.82043],[-72.314,41.82246],[-72.31282,41.82695],[-72.31407,41.82755],[-72.31405,41.82826],[-72.31307,41.82941],[-72.31069,41.82958],[-72.31024,41.83102],[-72.30851,41.83262],[-72.30851,41.83314],[-72.31018,41.83492],[-72.31014,41.83606],[-72.2861,41.83619]]]}},{"type":"Feature","properties":{"name":"Marlborough School District"},"geometry":{"type":"Polygon","coordinates":[[[-72.41037,41.60258],[-72.41723,41.5906],[-72.46673,41.5839],[-72.47434,41.59516],[-72.48163,41.6079],[-72.50543,41.647],[-72.49731,41.6624],[-72.47732,41.66876],[-72.47894,41.67345],[-72.48272,41.68129],[-72.4768,41.68609],[-72.45223,41.6888],[-72.44813,41.6719],[-72.42943,41.6623],[-72.41589,41.64021],[-72.41573,41.6393],[-72.41385,41.63692],[-72.41372,41.63472],[-72.40922,41.63075],[-72.40787,41.62522],[-72.40951,41.62005],[-72.40948,41.6086],[-72.41037,41.60258]]]}},{"type":"Feature","properties":{"name":"Meriden School District"},"geometry":{"type":"Polygon","coordinates":[[[-72.75218,41.57889],[-72.74704,41.52719],[-72.74478,41.49818],[-72.77265,41.49675],[-72.79608,41.50476],[-72.85137,41.51596],[-72.8538,41.52221],[-72.85308,41.52493],[-72.85777,41.52637],[-72.85798,41.52724],[-72.86049,41.52756],[-72.86123,41.5281],[-72.85798,41.53455],[-72.85361,41.53348],[-72.85169,41.54029],[-72.85315,41.54641],[-72.84428,41.54473],[-72.84515,41.54741],[-72.84574,41.5535],[-72.84854,41.56733],[-72.84024,41.5691],[-72.82764,41.571],[-72.82964,41.5624],[-72.82574,41.5643],[-72.82614,41.5559],[-72.82124,41.5542],[-72.81914,41.5543],[-72.81024,41.5624],[-72.80924,41.562],[-72.80524,41.5666],[-72.80124,41.5731],[-72.77274,41.5768],[-72.75218,41.57889]]]}},{"type":"Feature","properties":{"name":"Middletown School District"},"geometry":{"type":"MultiPolygon","coordinates":[[[[-72.71271,41.60246],[-72.7102,41.60284],[-72.70886,41.60388],[-72.70805,41.60265],[-72.70532,41.60333],[-72.70355,41.60237],[-72.69898,41.60158],[-72.69651,41.60034],[-72.69369,41.60161],[-72.68921,41.60077],[-72.68407,41.60186],[-72.68096,41.60049],[-72.68032,41.59737],[-72.67951,41.59713],[-72.67823,41.59733],[-72.67627,41.59849],[-72.67519,41.59979],[-72.67276,41.59895],[-72.67181,41.59763],[-72.67205,41.59676],[-72.67309,41.59589],[-72.67319,41.59469],[-72.67036,41.59173],[-72.66948,41.59127],[-72.6683,41.59142],[-72.668,41.5919],[-72.66728,41.59142],[-72.66678,41.59034],[-72.66729,41.58924],[-72.66538,41.5871],[-72.6655,41.58663],[-72.6679,41.58625],[-72.66844,41.58495],[-72.6681,41.58355],[-72.66545,41.58188],[-72.66113,41.58026],[-72.66091,41.57899],[-72.66025,41.5787],[-72.65821,41.57909],[-72.65684,41.57751],[-72.65532,41.57764],[-72.65623,41.57608],[-72.6561,41.5734],[-72.65451,41.57323],[-72.65403,41.57229],[-72.65111,41.57344],[-72.65071,41.57118],[-72.65108,41.57028],[-72.64938,41.56682],[-72.64574,41.56156],[-72.64287,41.55931],[-72.64311,41.55858],[-72.6421,41.55907],[-72.64114,41.55846],[-72.63819,41.5582],[-72.63557,41.55956],[-72.63341,41.55995],[-72.62057,41.55864],[-72.6085,41.56156],[-72.60635,41.56113],[-72.6027,41.55913],[-72.5959,41.55728],[-72.59355,41.55699],[-72.58832,41.55734],[-72.58163,41.55655],[-72.57042,41.55412],[-72.55954,41.55113],[-72.556,41.54947],[-72.55477,41.54797],[-72.55324,41.542],[-72.55369,41.53743],[-72.55485,41.53248],[-72.55801,41.52633],[-72.55765,41.52617],[-72.55834,41.52469],[-72.55825,41.52153],[-72.55914,41.51803],[-72.5588,41.51443],[-72.55695,41.51178],[-72.55694,41.5109],[-72.62524,41.50124],[-72.67759,41.49484],[-72.67905,41.50799],[-72.68046,41.51471],[-72.68031,41.5162],[-72.68127,41.51687],[-72.68086,41.52271],[-72.68206,41.52973],[-72.68257,41.53109],[-72.68809,41.53703],[-72.6882,41.53863],[-72.69455,41.54953],[-72.7112,41.54772],[-72.71166,41.54865],[-72.72288,41.54795],[-72.73358,41.54616],[-72.73486,41.54433],[-72.74888,41.54428],[-72.75218,41.57889],[-72.75294,41.5925],[-72.74284,41.5944],[-72.73167,41.59578],[-72.72994,41.6015],[-72.7273,41.6018],[-72.72704,41.6024],[-72.71454,41.60431],[-72.71271,41.60246]]],[[[-72.56501,41.55339],[-72.56124,41.55306],[-72.55692,41.5506],[-72.56501,41.55339]]],[[[-72.64844,41.56935],[-72.64954,41.57214],[-72.65016,41.57253],[-72.65035,41.57374],[-72.6488,41.57524],[-72.64844,41.56935]]]]}},{"type":"Feature","properties":{"name":"Milford School District"},"geometry":{"type":"MultiPolygon","coordinates":[[[[-73.07899,41.27332],[-73.05151,41.2595],[-73.04414,41.25682],[-73.03031,41.25278],[-73.01798,41.25008],[-73.01271,41.24951],[-72.99205,41.24491],[-72.99327,41.24473],[-72.99329,41.24355],[-72.99464,41.24172],[-72.99406,41.24099],[-72.99315,41.24099],[-72.99323,41.24026],[-72.99263,41.24039],[-72.99286,41.23995],[-72.99218,41.23926],[-72.99222,41.23875],[-72.9931,41.23867],[-72.99236,41.23802],[-72.99324,41.23733],[-72.99242,41.23668],[-72.99338,41.23652],[-72.9934,41.2358],[-72.99249,41.23543],[-72.99275,41.23434],[-72.9869,41.23554],[-72.98635,41.23518],[-72.98675,41.23479],[-72.98624,41.23349],[-72.98695,41.23289],[-72.98804,41.22949],[-72.99125,41.22529],[-72.99125,41.22419],[-72.99215,41.22329],[-72.99315,41.22359],[-72.99544,41.22319],[-72.99665,41.22229],[-72.99795,41.22269],[-72.99955,41.22249],[-72.99995,41.22309],[-73.00225,41.22279],[-73.00375,41.22169],[-73.00425,41.22119],[-73.00375,41.22059],[-73.00631,41.21598],[-73.00807,41.21021],[-73.01047,41.20883],[-73.01371,41.20522],[-73.01623,41.20428],[-73.02017,41.20424],[-73.02044,41.20652],[-73.02221,41.20715],[-73.02698,41.20759],[-73.0294,41.20707],[-73.02964,41.20753],[-73.03365,41.20642],[-73.03595,41.20518],[-73.03747,41.20371],[-73.03746,41.20207],[-73.03817,41.20188],[-73.04533,41.20948],[-73.04825,41.21019],[-73.04675,41.21079],[-73.04505,41.21079],[-73.04305,41.21219],[-73.04135,41.21449],[-73.03895,41.21649],[-73.03815,41.21639],[-73.03845,41.21709],[-73.03705,41.21709],[-73.03445,41.22299],[-73.03395,41.22309],[-73.03505,41.22319],[-73.03495,41.22449],[-73.03755,41.21999],[-73.03845,41.21989],[-73.03925,41.21829],[-73.04275,41.21779],[-73.04415,41.21819],[-73.04345,41.21679],[-73.04415,41.21609],[-73.04355,41.21489],[-73.04595,41.21489],[-73.04655,41.21299],[-73.04625,41.21129],[-73.04675,41.21099],[-73.04735,41.21099],[-73.04695,41.21169],[-73.04825,41.21249],[-73.04965,41.21229],[-73.05125,41.21279],[-73.05095,41.21339],[-73.05165,41.21329],[-73.05295,41.21419],[-73.05395,41.21729],[-73.05325,41.21879],[-73.05395,41.22069],[-73.05535,41.22209],[-73.05445,41.21869],[-73.05585,41.21859],[-73.05615,41.21769],[-73.05565,41.21719],[-73.05605,41.21669],[-73.05575,41.21619],[-73.05635,41.21569],[-73.05575,41.21549],[-73.05485,41.21379],[-73.05555,41.21329],[-73.05705,41.21329],[-73.05525,41.21289],[-73.05465,41.21359],[-73.05205,41.21179],[-73.04955,41.21159],[-73.04929,41.21045],[-73.0523,41.21011],[-73.05474,41.20926],[-73.05549,41.20888],[-73.05497,41.20849],[-73.05605,41.20839],[-73.05935,41.20669],[-73.06195,41.20439],[-73.06475,41.19989],[-73.06495,41.19869],[-73.06595,41.19839],[-73.06645,41.19759],[-73.06985,41.19669],[-73.07185,41.19719],[-73.07375,41.19669],[-73.07871,41.19473],[-73.08225,41.19269],[-73.08925,41.18719],[-73.09066,41.18497],[-73.10051,41.17455],[-73.1033,41.17378],[-73.10549,41.17219],[-73.10885,41.17199],[-73.11125,41.17249],[-73.11185,41.17279],[-73.11125,41.17339],[-73.10885,41.17239],[-73.10705,41.17349],[-73.10905,41.17299],[-73.10805,41.17379],[-73.10475,41.17479],[-73.10485,41.17539],[-73.10545,41.17569],[-73.10585,41.17549],[-73.10555,41.17519],[-73.10665,41.17519],[-73.10605,41.17779],[-73.10535,41.17809],[-73.10565,41.17859],[-73.10665,41.17689],[-73.10735,41.17789],[-73.10735,41.17579],[-73.11125,41.17449],[-73.11325,41.17669],[-73.11665,41.17809],[-73.11715,41.17889],[-73.11675,41.17969],[-73.11205,41.18299],[-73.11125,41.18529],[-73.10855,41.18429],[-73.10685,41.18269],[-73.10675,41.18099],[-73.10625,41.18139],[-73.10615,41.18239],[-73.10815,41.18449],[-73.11076,41.18529],[-73.11295,41.18729],[-73.11425,41.18999],[-73.11285,41.19119],[-73.10685,41.18929],[-73.10545,41.18969],[-73.10285,41.18839],[-73.10315,41.18699],[-73.10355,41.18699],[-73.10345,41.18549],[-73.10285,41.18549],[-73.10105,41.18399],[-73.10055,41.18219],[-73.09975,41.18239],[-73.10105,41.18519],[-73.10255,41.18649],[-73.10265,41.18869],[-73.10385,41.18949],[-73.10675,41.18989],[-73.10565,41.19099],[-73.10795,41.18989],[-73.11245,41.19159],[-73.11185,41.19219],[-73.11105,41.19199],[-73.11125,41.19529],[-73.11066,41.19819],[-73.10745,41.20159],[-73.10815,41.20569],[-73.10955,41.20779],[-73.10855,41.21419],[-73.10696,41.21669],[-73.10685,41.21809],[-73.10805,41.22229],[-73.10735,41.22399],[-73.10796,41.22569],[-73.10825,41.22469],[-73.10895,41.22549],[-73.10886,41.22849],[-73.10765,41.23089],[-73.10115,41.23509],[-73.09415,41.24309],[-73.09235,41.24409],[-73.09015,41.24639],[-73.08635,41.25089],[-73.08295,41.25629],[-73.08285,41.25779],[-73.08355,41.25949],[-73.08395,41.25959],[-73.08335,41.25739],[-73.08375,41.25629],[-73.08455,41.25619],[-73.08455,41.25539],[-73.08515,41.25719],[-73.08475,41.26109],[-73.08605,41.26559],[-73.08625,41.26859],[-73.08485,41.27109],[-73.08665,41.26959],[-73.08645,41.27399],[-73.08576,41.27618],[-73.07899,41.27332]]],[[[-73.11195,41.17449],[-73.11235,41.17409],[-73.11285,41.17439],[-73.11295,41.17539],[-73.11195,41.17449]]],[[[-73.11335,41.17659],[-73.11325,41.17599],[-73.11385,41.17669],[-73.11335,41.17659]]],[[[-73.11315,41.17469],[-73.11585,41.17549],[-73.11845,41.17739],[-73.11685,41.17789],[-73.11315,41.17569],[-73.11315,41.17469]]],[[[-73.11185,41.18619],[-73.11175,41.18519],[-73.11265,41.18669],[-73.11185,41.18619]]],[[[-73.11735,41.17819],[-73.11885,41.17759],[-73.12035,41.17949],[-73.12075,41.18279],[-73.11965,41.18779],[-73.11505,41.18969],[-73.11435,41.18929],[-73.11215,41.18509],[-73.11225,41.18309],[-73.11715,41.17989],[-73.11735,41.17819]]],[[[-73.09795,41.24019],[-73.10285,41.23509],[-73.10625,41.23319],[-73.10375,41.23769],[-73.10195,41.23919],[-73.09795,41.24019]]],[[[-73.08575,41.26019],[-73.08635,41.25829],[-73.08685,41.25969],[-73.08615,41.26149],[-73.08575,41.26019]]]]}},{"type":"Feature","properties":{"name":"Monroe School District"},"geometry":{"type":"MultiPolygon","coordinates":[[[[-73.18327,41.39171],[-73.17336,41.3836],[-73.17134,41.38394],[-73.16827,41.38356],[-73.16834,41.38273],[-73.16235,41.38339],[-73.15855,41.38269],[-73.15935,41.38019],[-73.15935,41.37859],[-73.15828,41.37683],[-73.15748,41.37651],[-73.15965,41.37491],[-73.15944,41.37291],[-73.17066,41.35793],[-73.17681,41.33759],[-73.18061,41.33297],[-73.18472,41.3265],[-73.2048,41.29936],[-73.23072,41.29742],[-73.24215,41.29593],[-73.25783,41.2954],[-73.27437,41.29381],[-73.27817,41.2984],[-73.27622,41.30035],[-73.27611,41.30167],[-73.27309,41.30296],[-73.27202,41.30392],[-73.2711,41.30613],[-73.27137,41.30645],[-73.27064,41.30723],[-73.27129,41.3091],[-73.27072,41.3099],[-73.27096,41.31146],[-73.27159,41.31167],[-73.27162,41.31338],[-73.27238,41.31411],[-73.27311,41.31618],[-73.2726,41.31655],[-73.27301,41.31676],[-73.27246,41.31774],[-73.27266,41.31831],[-73.306,41.33236],[-73.26129,41.35501],[-73.22908,41.37032],[-73.22811,41.36867],[-73.2292,41.3682],[-73.22943,41.36653],[-73.22808,41.36515],[-73.22525,41.36535],[-73.22241,41.36404],[-73.22116,41.364],[-73.21763,41.36509],[-73.21513,41.36666],[-73.2151,41.36728],[-73.21353,41.36788],[-73.21035,41.36792],[-73.2022,41.37215],[-73.20131,41.37402],[-73.20203,41.37518],[-73.20224,41.37791],[-73.20339,41.37825],[-73.20358,41.37916],[-73.19783,41.38281],[-73.19641,41.38511],[-73.19597,41.38741],[-73.1949,41.38853],[-73.19175,41.38893],[-73.19043,41.38826],[-73.18919,41.38844],[-73.18695,41.38917],[-73.18327,41.39171]]],[[[-73.16764,41.38349],[-73.16783,41.38348],[-73.1682,41.38355],[-73.16764,41.38349]]],[[[-73.16046,41.38371],[-73.16173,41.3837],[-73.16187,41.38378],[-73.16125,41.38385],[-73.16046,41.38371]]]]}},{"type":"Feature","properties":{"name":"Montville School District"},"geometry":{"type":"Polygon","coordinates":[[[-72.13671,41.50497],[-72.13293,41.50261],[-72.13043,41.50279],[-72.12952,41.50329],[-72.12855,41.50292],[-72.12701,41.5032],[-72.12383,41.50204],[-72.12204,41.50189],[-72.12108,41.50272],[-72.11971,41.50287],[-72.11408,41.5005],[-72.11227,41.50091],[-72.11168,41.50204],[-72.1104,41.50197],[-72.10798,41.50283],[-72.10723,41.50169],[-72.10624,41.5013],[-72.10653,41.49959],[-72.10514,41.49893],[-72.10395,41.49903],[-72.10205,41.49793],[-72.10181,41.49709],[-72.10026,41.49684],[-72.09986,41.49649],[-72.10044,41.49592],[-72.09921,41.49458],[-72.09808,41.4945],[-72.09733,41.49532],[-72.0976,41.4955],[-72.09368,41.49721],[-72.08401,41.49391],[-72.08102,41.4921],[-72.0805,41.48917],[-72.07761,41.48509],[-72.07442,41.48181],[-72.07342,41.47839],[-72.07362,41.47497],[-72.07062,41.46933],[-72.06992,41.46581],[-72.07002,41.4636],[-72.07082,41.4603],[-72.07362,41.4563],[-72.08282,41.4489],[-72.08412,41.4474],[-72.08792,41.4394],[-72.08871,41.43971],[-72.08942,41.43909],[-72.09432,41.43859],[-72.09542,41.43949],[-72.09612,41.43909],[-72.09682,41.43939],[-72.09612,41.43989],[-72.09672,41.43999],[-72.09792,41.44309],[-72.09972,41.44409],[-72.09962,41.44459],[-72.10042,41.44499],[-72.10082,41.44639],[-72.10162,41.44649],[-72.10172,41.44739],[-72.10102,41.44759],[-72.10112,41.45009],[-72.10272,41.45169],[-72.10342,41.45169],[-72.10472,41.45269],[-72.10552,41.45259],[-72.10572,41.45219],[-72.10522,41.45239],[-72.10332,41.45129],[-72.10292,41.44569],[-72.10222,41.44489],[-72.10222,41.44359],[-72.09912,41.44119],[-72.10002,41.44099],[-72.10155,41.43888],[-72.09743,41.43825],[-72.09702,41.43869],[-72.09672,41.43849],[-72.09742,41.43759],[-72.09732,41.43619],[-72.09562,41.43539],[-72.09582,41.43449],[-72.09792,41.43249],[-72.09772,41.43209],[-72.09992,41.43129],[-72.09922,41.43079],[-72.10002,41.42949],[-72.09902,41.42989],[-72.10022,41.42869],[-72.10122,41.42889],[-72.10132,41.42849],[-72.10012,41.42799],[-72.10032,41.42699],[-72.10149,41.42689],[-72.10131,41.42637],[-72.10443,41.42745],[-72.21931,41.41212],[-72.24202,41.4432],[-72.22152,41.4463],[-72.22246,41.45649],[-72.21269,41.45745],[-72.21512,41.4735],[-72.21681,41.48134],[-72.21677,41.48571],[-72.21815,41.50036],[-72.22444,41.50974],[-72.22627,41.51331],[-72.22762,41.5187],[-72.19349,41.51198],[-72.19191,41.51298],[-72.19214,41.51361],[-72.19172,41.51407],[-72.19106,41.51415],[-72.18752,41.51347],[-72.18672,41.51291],[-72.18254,41.51276],[-72.18221,41.51458],[-72.18263,41.51611],[-72.17854,41.51601],[-72.17116,41.51394],[-72.16995,41.51279],[-72.16572,41.51055],[-72.16198,41.51012],[-72.15338,41.50717],[-72.1516,41.50704],[-72.14779,41.50563],[-72.14668,41.50571],[-72.14245,41.50418],[-72.13671,41.50497]]]}},{"type":"Feature","properties":{"name":"Naugatuck School District"},"geometry":{"type":"Polygon","coordinates":[[[-73.00237,41.47384],[-73.00086,41.46992],[-73.00335,41.46272],[-73.02575,41.4596],[-73.02618,41.46156],[-73.03047,41.46591],[-73.03235,41.46533],[-73.03426,41.4664],[-73.03665,41.4659],[-73.03919,41.46639],[-73.04144,41.46888],[-73.0433,41.46816],[-73.04611,41.46875],[-73.05025,41.46819],[-73.05124,41.46894],[-73.05212,41.46896],[-73.05378,41.46537],[-73.05373,41.46161],[-73.05571,41.45979],[-73.05943,41.45848],[-73.06094,41.45676],[-73.06211,41.45629],[-73.06778,41.45996],[-73.0702,41.46054],[-73.10335,41.48174],[-73.10347,41.48273],[-73.10432,41.4836],[-73.1046,41.49182],[-73.10354,41.49447],[-73.10212,41.49549],[-73.10187,41.49696],[-73.1011,41.49776],[-73.09959,41.49804],[-73.09738,41.50067],[-73.09531,41.50157],[-73.09601,41.50495],[-73.09572,41.5062],[-73.09605,41.50805],[-73.09576,41.51048],[-73.09475,41.51151],[-73.09468,41.51381],[-73.05475,41.51464],[-73.04755,41.5152],[-73.01866,41.51961],[-73.00632,41.48394],[-73.00268,41.47461],[-73.00193,41.47476],[-73.00237,41.47384]]]}},{"type":"Feature","properties":{"name":"New Britain School District"},"geometry":{"type":"Polygon","coordinates":[[[-72.75036,41.65017],[-72.76887,41.64888],[-72.77187,41.64832],[-72.79639,41.6472],[-72.81918,41.645],[-72.82074,41.65572],[-72.82257,41.65571],[-72.82562,41.66849],[-72.82341,41.67257],[-72.81978,41.6831],[-72.81543,41.68785],[-72.81201,41.69023],[-72.8111,41.69225],[-72.8101,41.69183],[-72.80098,41.69886],[-72.79595,41.7034],[-72.78299,41.71284],[-72.76197,41.7158],[-72.75704,41.6855],[-72.75055,41.65395],[-72.75036,41.65017]]]}},{"type":"Feature","properties":{"name":"New Canaan School District"},"geometry":{"type":"Polygon","coordinates":[[[-73.44891,41.15375],[-73.4495,41.1501],[-73.4578,41.13641],[-73.47456,41.1147],[-73.48559,41.11385],[-73.48632,41.11421],[-73.49342,41.11447],[-73.49581,41.11414],[-73.52233,41.11455],[-73.52193,41.11486],[-73.5225,41.11889],[-73.53406,41.14982],[-73.53437,41.15148],[-73.53305,41.15197],[-73.53264,41.15323],[-73.53306,41.15396],[-73.53233,41.1546],[-73.53487,41.15572],[-73.53578,41.1578],[-73.53872,41.16005],[-73.54044,41.16028],[-73.54199,41.16313],[-73.54375,41.16366],[-73.5444,41.16515],[-73.54549,41.16572],[-73.55305,41.17417],[-73.55227,41.17608],[-73.55362,41.17928],[-73.55478,41.17991],[-73.51399,41.19885],[-73.4849,41.21175],[-73.48441,41.20902],[-73.48367,41.208],[-73.48229,41.20762],[-73.48149,41.20809],[-73.48026,41.20791],[-73.47892,41.20639],[-73.47569,41.19905],[-73.474,41.1966],[-73.47313,41.19614],[-73.47311,41.19508],[-73.47203,41.19438],[-73.47285,41.19141],[-73.47014,41.18959],[-73.47282,41.18499],[-73.47225,41.18251],[-73.4735,41.1819],[-73.47301,41.18069],[-73.46999,41.17913],[-73.46885,41.17748],[-73.46716,41.17759],[-73.46527,41.17595],[-73.46543,41.17023],[-73.46683,41.1655],[-73.46646,41.16464],[-73.46473,41.16388],[-73.46407,41.16279],[-73.46402,41.16126],[-73.46039,41.16092],[-73.45463,41.15908],[-73.45254,41.15963],[-73.44981,41.15717],[-73.44891,41.15375]]]}},{"type":"Feature","properties":{"name":"New Fairfield School District"},"geometry":{"type":"Polygon","coordinates":[[[-73.44147,41.49129],[-73.43703,41.48361],[-73.44185,41.48552],[-73.44288,41.48521],[-73.44339,41.48402],[-73.44306,41.48234],[-73.44346,41.48092],[-73.44299,41.4791],[-73.44441,41.47756],[-73.44328,41.47241],[-73.44206,41.47049],[-73.44016,41.46983],[-73.43936,41.46815],[-73.43706,41.4654],[-73.43562,41.46623],[-73.43478,41.46894],[-73.43543,41.47086],[-73.4385,41.47328],[-73.43829,41.47406],[-73.43493,41.4719],[-73.43317,41.472],[-73.43269,41.47038],[-73.43128,41.46883],[-73.43026,41.46921],[-73.43005,41.46991],[-73.42972,41.46974],[-73.42694,41.46383],[-73.43937,41.46099],[-73.466,41.45574],[-73.46899,41.45551],[-73.48536,41.45126],[-73.51428,41.44564],[-73.53603,41.44063],[-73.53709,41.43971],[-73.53071,41.51996],[-73.50001,41.52506],[-73.45037,41.53468],[-73.44593,41.52525],[-73.44277,41.51409],[-73.44527,41.50949],[-73.44457,41.50889],[-73.44357,41.50389],[-73.44407,41.50179],[-73.44307,41.49999],[-73.44147,41.49129]]]}},{"type":"Feature","properties":{"name":"New Hartford School District"},"geometry":{"type":"Polygon","coordinates":[[[-72.94902,41.80643],[-73.01667,41.79818],[-73.07668,41.79845],[-73.07337,41.80889],[-73.06767,41.83038],[-73.05977,41.86347],[-73.05353,41.88732],[-72.94065,41.8952],[-72.94618,41.87723],[-72.94634,41.87403],[-72.95364,41.85392],[-72.95385,41.84845],[-72.95339,41.84724],[-72.95365,41.84668],[-72.95274,41.84562],[-72.95177,41.84285],[-72.95063,41.84271],[-72.94653,41.84363],[-72.94224,41.84345],[-72.9391,41.84251],[-72.93679,41.84074],[-72.93635,41.8398],[-72.94902,41.80643]]]}},{"type":"Feature","properties":{"name":"New Haven School District"},"geometry":{"type":"MultiPolygon","coordinates":[[[[-72.95391,41.34742],[-72.95241,41.34757],[-72.95148,41.34711],[-72.95136,41.34395],[-72.95287,41.34379],[-72.95518,41.34235],[-72.95592,41.34091],[-72.95719,41.34025],[-72.95397,41.33737],[-72.93517,41.33532],[-72.91323,41.33359],[-72.90254,41.3272],[-72.89331,41.3289],[-72.8929,41.32802],[-72.89184,41.32839],[-72.88995,41.32539],[-72.89175,41.32429],[-72.89245,41.32269],[-72.88995,41.32059],[-72.88724,41.31909],[-72.88674,41.31539],[-72.88724,41.31309],[-72.88854,41.31149],[-72.88824,41.30919],[-72.89194,41.30299],[-72.89995,41.30119],[-72.90214,41.30099],[-72.90455,41.30179],[-72.90604,41.30859],[-72.90665,41.30819],[-72.90624,41.30559],[-72.90694,41.30549],[-72.90745,41.30599],[-72.90784,41.30879],[-72.90864,41.30619],[-72.90645,41.30469],[-72.90584,41.29869],[-72.90904,41.29709],[-72.90935,41.29759],[-72.91095,41.29629],[-72.91305,41.29659],[-72.91395,41.29569],[-72.91534,41.29639],[-72.91904,41.29129],[-72.92384,41.28589],[-72.92574,41.28479],[-72.92725,41.28469],[-72.92695,41.28399],[-72.92595,41.28419],[-72.92538,41.28283],[-72.92639,41.28307],[-72.92705,41.28269],[-72.92645,41.28197],[-72.92672,41.28177],[-72.92723,41.28255],[-72.92803,41.28224],[-72.92844,41.28147],[-72.92893,41.2817],[-72.92963,41.28118],[-72.92917,41.28035],[-72.93016,41.28079],[-72.92963,41.27992],[-72.92994,41.27982],[-72.93032,41.28073],[-72.93296,41.28065],[-72.93273,41.28154],[-72.93308,41.28189],[-72.9366,41.28158],[-72.93785,41.282],[-72.93828,41.28137],[-72.93884,41.28169],[-72.94035,41.28569],[-72.94025,41.28659],[-72.93884,41.28659],[-72.94015,41.28829],[-72.94265,41.28929],[-72.94594,41.29179],[-72.94655,41.29319],[-72.94815,41.29239],[-72.95174,41.29439],[-72.95055,41.29559],[-72.94945,41.29559],[-72.94945,41.29599],[-72.95217,41.29815],[-72.95264,41.29944],[-72.9563,41.30161],[-72.95687,41.30301],[-72.95674,41.3052],[-72.95608,41.30479],[-72.95601,41.30538],[-72.95685,41.30552],[-72.95743,41.30665],[-72.9563,41.31046],[-72.99805,41.3141],[-72.99681,41.3236],[-72.98894,41.32889],[-72.98874,41.33019],[-72.98501,41.33302],[-72.98331,41.33731],[-72.97407,41.34159],[-72.97019,41.3429],[-72.97291,41.3474],[-72.96783,41.34791],[-72.96684,41.34544],[-72.96446,41.34379],[-72.96419,41.34642],[-72.96206,41.3463],[-72.96125,41.34901],[-72.95864,41.34908],[-72.95774,41.35039],[-72.95467,41.35016],[-72.95281,41.34908],[-72.95391,41.34742]]],[[[-72.86041,41.3364],[-72.86628,41.32371],[-72.87243,41.30879],[-72.87629,41.30356],[-72.88252,41.29323],[-72.88639,41.28831],[-72.88771,41.28571],[-72.88683,41.25392],[-72.88725,41.25298],[-72.8892,41.25105],[-72.8914,41.2512],[-72.8928,41.24967],[-72.89474,41.24986],[-72.89692,41.24849],[-72.8992,41.2487],[-72.89979,41.24827],[-72.89987,41.24699],[-72.9009,41.24644],[-72.90312,41.24765],[-72.90411,41.24763],[-72.90388,41.25093],[-72.90283,41.25217],[-72.9028,41.25294],[-72.89897,41.25512],[-72.89474,41.25619],[-72.89396,41.25687],[-72.89343,41.25838],[-72.89437,41.26151],[-72.89944,41.26701],[-72.90277,41.26903],[-72.90379,41.26858],[-72.90291,41.26908],[-72.90575,41.27037],[-72.90309,41.27457],[-72.90394,41.27658],[-72.90345,41.27769],[-72.90507,41.28129],[-72.90595,41.2827],[-72.90815,41.28299],[-72.90804,41.28339],[-72.90624,41.28339],[-72.90534,41.28849],[-72.90594,41.28859],[-72.90594,41.28899],[-72.90774,41.28909],[-72.90765,41.28959],[-72.90584,41.28949],[-72.90575,41.29019],[-72.90714,41.29049],[-72.90704,41.29199],[-72.90465,41.29329],[-72.90444,41.29399],[-72.90604,41.29419],[-72.90584,41.29459],[-72.90424,41.29449],[-72.90404,41.29639],[-72.90475,41.29649],[-72.90455,41.29689],[-72.90375,41.29679],[-72.90095,41.29939],[-72.90005,41.29889],[-72.89445,41.30109],[-72.89094,41.30149],[-72.88854,41.30519],[-72.88864,41.30599],[-72.88814,41.30619],[-72.88844,41.30639],[-72.88734,41.30799],[-72.88764,41.30829],[-72.88674,41.30939],[-72.88384,41.31059],[-72.88194,41.31329],[-72.88225,41.31479],[-72.88284,41.31489],[-72.88344,41.31639],[-72.88284,41.31799],[-72.88405,41.31979],[-72.88344,41.32169],[-72.88474,41.31939],[-72.88824,41.32119],[-72.88995,41.32129],[-72.89114,41.32309],[-72.88985,41.32359],[-72.88864,41.32489],[-72.88954,41.32679],[-72.89224,41.32999],[-72.88824,41.33069],[-72.88885,41.33069],[-72.88805,41.33199],[-72.88674,41.33229],[-72.88815,41.33259],[-72.87918,41.33409],[-72.87617,41.33401],[-72.86994,41.33478],[-72.8662,41.33601],[-72.86041,41.3364]]]]}},{"type":"Feature","properties":{"name":"New London School District"},"geometry":{"type":"MultiPolygon","coordinates":[[[[-72.09782,41.38049],[-72.09732,41.37949],[-72.09662,41.37949],[-72.09662,41.37879],[-72.09722,41.37889],[-72.09732,41.37849],[-72.09682,41.37799],[-72.09822,41.37739],[-72.09692,41.37569],[-72.09742,41.37559],[-72.09782,41.37639],[-72.09842,41.37629],[-72.09822,41.37479],[-72.09872,41.37489],[-72.09852,41.37439],[-72.09702,41.37419],[-72.09692,41.37089],[-72.09472,41.36669],[-72.09372,41.36659],[-72.09402,41.36529],[-72.09152,41.36359],[-72.08972,41.36299],[-72.08982,41.36259],[-72.08932,41.36239],[-72.09092,41.35979],[-72.08902,41.35759],[-72.08972,41.35729],[-72.09162,41.35939],[-72.09232,41.35929],[-72.09052,41.35679],[-72.09132,41.35649],[-72.09342,41.35899],[-72.09532,41.35919],[-72.09622,41.36039],[-72.09692,41.36059],[-72.09662,41.35899],[-72.09572,41.35809],[-72.09492,41.35829],[-72.09462,41.35759],[-72.09412,41.35779],[-72.09302,41.35719],[-72.09232,41.35439],[-72.09282,41.35439],[-72.09282,41.35399],[-72.09172,41.35399],[-72.09232,41.35389],[-72.09172,41.35319],[-72.09322,41.35319],[-72.09732,41.34979],[-72.09882,41.35049],[-72.09882,41.34979],[-72.10012,41.34959],[-72.10012,41.34569],[-72.09922,41.34589],[-72.09752,41.34939],[-72.09812,41.34739],[-72.09562,41.34719],[-72.09652,41.34669],[-72.09552,41.34519],[-72.09422,41.34539],[-72.09292,41.34359],[-72.09372,41.34179],[-72.09442,41.34209],[-72.09502,41.34159],[-72.09432,41.34129],[-72.09582,41.34099],[-72.09632,41.34149],[-72.09762,41.34069],[-72.09822,41.34089],[-72.09522,41.34079],[-72.09512,41.34039],[-72.09632,41.34019],[-72.09802,41.33839],[-72.09972,41.33859],[-72.10022,41.33789],[-72.09982,41.33779],[-72.10002,41.33699],[-72.10052,41.33709],[-72.10032,41.33609],[-72.09482,41.33019],[-72.09172,41.32789],[-72.09132,41.32629],[-72.08882,41.32289],[-72.08992,41.31899],[-72.08942,41.31839],[-72.09052,41.31719],[-72.09012,41.31639],[-72.09082,41.31559],[-72.09442,41.31409],[-72.09512,41.31199],[-72.09462,41.30939],[-72.09982,41.30699],[-72.10142,41.30499],[-72.10311,41.30483],[-72.10168,41.30681],[-72.10135,41.30827],[-72.10199,41.30934],[-72.10032,41.31169],[-72.10052,41.31359],[-72.10243,41.31553],[-72.10432,41.31936],[-72.10523,41.32022],[-72.10508,41.32183],[-72.10864,41.32856],[-72.10849,41.33042],[-72.10902,41.33209],[-72.11345,41.3436],[-72.12853,41.35763],[-72.12832,41.36531],[-72.10979,41.38294],[-72.09868,41.38542],[-72.09752,41.38099],[-72.09782,41.38049]]],[[[-72.10362,41.30559],[-72.1036,41.30575],[-72.10341,41.30574],[-72.10362,41.30559]]],[[[-72.09192,41.33649],[-72.09252,41.33629],[-72.09282,41.33679],[-72.09192,41.33649]]]]}},{"type":"Feature","properties":{"name":"New Milford School District"},"geometry":{"type":"Polygon","coordinates":[[[-73.38696,41.51479],[-73.40246,41.50909],[-73.41899,41.50147],[-73.43076,41.49799],[-73.44147,41.49129],[-73.44307,41.49999],[-73.44407,41.50179],[-73.44357,41.50389],[-73.44457,41.50889],[-73.44527,41.50949],[-73.44277,41.51409],[-73.44593,41.52525],[-73.45402,41.54269],[-73.45516,41.5472],[-73.46897,41.57749],[-73.47979,41.6008],[-73.48853,41.61741],[-73.49781,41.63815],[-73.49676,41.63851],[-73.49604,41.64018],[-73.49629,41.6425],[-73.49411,41.64449],[-73.49088,41.64571],[-73.49013,41.64641],[-73.48974,41.64588],[-73.48815,41.64562],[-73.48681,41.64705],[-73.4854,41.64683],[-73.48469,41.64743],[-73.49032,41.65328],[-73.49397,41.66112],[-73.49486,41.66121],[-73.49829,41.65886],[-73.50395,41.66177],[-73.50674,41.66377],[-73.50692,41.6658],[-73.50407,41.6691],[-73.45666,41.67498],[-73.44418,41.67595],[-73.38212,41.68333],[-73.38051,41.67165],[-73.37786,41.65898],[-73.37041,41.65529],[-73.35908,41.64652],[-73.35622,41.62901],[-73.34862,41.59518],[-73.34307,41.56586],[-73.3629,41.56491],[-73.37205,41.56511],[-73.37907,41.56214],[-73.39117,41.55603],[-73.3912,41.55529],[-73.39034,41.55465],[-73.39023,41.55229],[-73.39098,41.55009],[-73.3896,41.54878],[-73.38955,41.54804],[-73.38897,41.54788],[-73.38902,41.5469],[-73.39066,41.54685],[-73.39088,41.54612],[-73.39186,41.5457],[-73.39209,41.5448],[-73.39308,41.54492],[-73.39346,41.54444],[-73.39395,41.54479],[-73.39696,41.5437],[-73.39946,41.54402],[-73.40033,41.54282],[-73.40355,41.54058],[-73.40444,41.53842],[-73.40424,41.53732],[-73.40474,41.53702],[-73.40452,41.53121],[-73.4026,41.52511],[-73.39978,41.5201],[-73.39741,41.51827],[-73.38696,41.51479]]]}},{"type":"Feature","properties":{"name":"Newington School District"},"geometry":{"type":"Polygon","coordinates":[[[-72.70694,41.67371],[-72.703,41.65427],[-72.70907,41.65315],[-72.72736,41.6522],[-72.72716,41.64948],[-72.74987,41.64697],[-72.75055,41.65395],[-72.75704,41.6855],[-72.76218,41.71834],[-72.74052,41.72106],[-72.70594,41.7243],[-72.70804,41.71037],[-72.70485,41.69698],[-72.70524,41.6953],[-72.70308,41.68833],[-72.70036,41.67457],[-72.70694,41.67371]]]}},{"type":"Feature","properties":{"name":"Newtown School District"},"geometry":{"type":"Polygon","coordinates":[[[-73.31287,41.46742],[-73.30503,41.47115],[-73.30276,41.47144],[-73.3006,41.47085],[-73.29918,41.46954],[-73.29826,41.46763],[-73.29831,41.46477],[-73.29983,41.46078],[-73.29986,41.45843],[-73.30079,41.4559],[-73.29951,41.45102],[-73.29776,41.44828],[-73.29395,41.44736],[-73.29126,41.44811],[-73.2878,41.45032],[-73.28074,41.4523],[-73.27825,41.45264],[-73.2737,41.45165],[-73.27024,41.44801],[-73.26749,41.44358],[-73.26579,41.4368],[-73.26368,41.43453],[-73.2592,41.43333],[-73.25773,41.43356],[-73.25119,41.43777],[-73.24526,41.4399],[-73.24433,41.43956],[-73.24356,41.43856],[-73.24234,41.43607],[-73.24229,41.42984],[-73.23841,41.42625],[-73.23591,41.42615],[-73.22997,41.42912],[-73.22677,41.42982],[-73.22648,41.43031],[-73.21823,41.42907],[-73.21183,41.42277],[-73.20746,41.4204],[-73.20156,41.4158],[-73.19976,41.4132],[-73.19816,41.4119],[-73.19026,41.4103],[-73.18656,41.4086],[-73.18486,41.4063],[-73.18536,41.4022],[-73.18756,41.3996],[-73.18816,41.3982],[-73.18796,41.3973],[-73.18327,41.39171],[-73.18757,41.38892],[-73.19037,41.38825],[-73.19135,41.38892],[-73.19421,41.38878],[-73.19562,41.38786],[-73.19641,41.38511],[-73.19783,41.38281],[-73.20358,41.37916],[-73.20339,41.37825],[-73.20224,41.37791],[-73.20203,41.37518],[-73.20131,41.37394],[-73.20228,41.37206],[-73.20483,41.37048],[-73.20661,41.37017],[-73.21035,41.36792],[-73.21342,41.36791],[-73.21503,41.36731],[-73.21513,41.36666],[-73.21655,41.36565],[-73.22116,41.364],[-73.22333,41.36422],[-73.22525,41.36535],[-73.22808,41.36515],[-73.22943,41.36653],[-73.2292,41.3682],[-73.22811,41.36867],[-73.22908,41.37032],[-73.26129,41.35501],[-73.33334,41.31834],[-73.34663,41.34948],[-73.37862,41.41999],[-73.36431,41.43786],[-73.33166,41.47273],[-73.32677,41.46952],[-73.31287,41.46742]]]}},{"type":"Feature","properties":{"name":"Norfolk School District"},"geometry":{"type":"Polygon","coordinates":[[[-73.23295,42.04505],[-73.12723,42.04213],[-73.13981,42.00048],[-73.165,41.91325],[-73.26304,41.91619],[-73.24919,41.96496],[-73.24877,41.97037],[-73.23295,42.04505]]]}},{"type":"Feature","properties":{"name":"North Branford School District"},"geometry":{"type":"Polygon","coordinates":[[[-72.74611,41.31063],[-72.77134,41.30509],[-72.78053,41.31319],[-72.79917,41.32432],[-72.82384,41.31832],[-72.81775,41.33998],[-72.817,41.36388],[-72.81772,41.39945],[-72.79863,41.40513],[-72.77523,41.41382],[-72.74614,41.4233],[-72.72064,41.4274],[-72.72145,41.42372],[-72.72216,41.42292],[-72.72337,41.41914],[-72.7282,41.41764],[-72.73282,41.412],[-72.7408,41.40434],[-72.74274,41.403],[-72.74597,41.3969],[-72.7493,41.39809],[-72.74682,41.38256],[-72.74383,41.34636],[-72.74213,41.33456],[-72.74154,41.32638],[-72.74145,41.32369],[-72.74611,41.31063]]]}},{"type":"Feature","properties":{"name":"North Canaan School District"},"geometry":{"type":"Polygon","coordinates":[[[-73.23295,42.04505],[-73.2436,41.99402],[-73.31659,42.00007],[-73.35736,42.00258],[-73.35739,42.00486],[-73.35906,42.00783],[-73.35916,42.00987],[-73.35775,42.01297],[-73.35111,42.01644],[-73.35096,42.0184],[-73.35234,42.02112],[-73.35211,42.02291],[-73.35334,42.02424],[-73.35243,42.02869],[-73.35008,42.03072],[-73.34658,42.03577],[-73.34477,42.03762],[-73.34297,42.04257],[-73.3405,42.04426],[-73.34054,42.04836],[-73.23295,42.04505]]]}},{"type":"Feature","properties":{"name":"North Haven School District"},"geometry":{"type":"MultiPolygon","coordinates":[[[[-72.84792,41.4261],[-72.84762,41.4272],[-72.84683,41.42668],[-72.84597,41.42714],[-72.84419,41.42696],[-72.8442,41.42603],[-72.8427,41.42647],[-72.84123,41.42624],[-72.84092,41.42672],[-72.84011,41.4264],[-72.83967,41.42702],[-72.83848,41.42726],[-72.83479,41.42533],[-72.83418,41.4242],[-72.83103,41.42399],[-72.83045,41.42467],[-72.82964,41.42418],[-72.8274,41.42438],[-72.82696,41.41949],[-72.82761,41.39664],[-72.81772,41.39945],[-72.817,41.36388],[-72.82254,41.3642],[-72.82283,41.36179],[-72.82713,41.36149],[-72.82715,41.35144],[-72.82796,41.35119],[-72.82799,41.34236],[-72.86329,41.33602],[-72.8662,41.33601],[-72.86994,41.33478],[-72.87617,41.33401],[-72.87918,41.33409],[-72.88815,41.33259],[-72.88864,41.33389],[-72.88705,41.33769],[-72.88595,41.33889],[-72.88554,41.34009],[-72.88584,41.34139],[-72.88364,41.34299],[-72.88004,41.34299],[-72.87865,41.34479],[-72.88074,41.34649],[-72.87935,41.34709],[-72.87775,41.34619],[-72.87604,41.34639],[-72.87395,41.34779],[-72.87264,41.34939],[-72.87354,41.35109],[-72.87614,41.35349],[-72.87794,41.35389],[-72.88284,41.35349],[-72.88374,41.35479],[-72.88325,41.35749],[-72.88104,41.35909],[-72.88125,41.36389],[-72.87974,41.36449],[-72.87544,41.36299],[-72.87305,41.36549],[-72.87305,41.36709],[-72.87395,41.36519],[-72.87485,41.36619],[-72.87215,41.36919],[-72.87254,41.37079],[-72.87205,41.37149],[-72.87244,41.37149],[-72.87254,41.37309],[-72.87134,41.37539],[-72.87174,41.37679],[-72.87364,41.37939],[-72.87095,41.37929],[-72.87105,41.37989],[-72.87264,41.38099],[-72.87444,41.38099],[-72.87344,41.38299],[-72.87144,41.38279],[-72.87125,41.38609],[-72.87225,41.38739],[-72.87105,41.38969],[-72.86974,41.39069],[-72.86984,41.39179],[-72.86884,41.39119],[-72.86794,41.39129],[-72.86774,41.39339],[-72.86825,41.39389],[-72.86894,41.39379],[-72.86925,41.39279],[-72.87005,41.39319],[-72.86954,41.39449],[-72.86804,41.39399],[-72.86825,41.39679],[-72.86604,41.39919],[-72.86534,41.39869],[-72.86455,41.39879],[-72.86434,41.39979],[-72.86304,41.39959],[-72.86304,41.40069],[-72.85964,41.40169],[-72.85974,41.40499],[-72.85864,41.40539],[-72.85825,41.40649],[-72.85864,41.40709],[-72.85345,41.40659],[-72.85314,41.40739],[-72.85234,41.40749],[-72.85224,41.40819],[-72.85165,41.40839],[-72.85174,41.41069],[-72.85374,41.41149],[-72.85194,41.41169],[-72.85224,41.41329],[-72.85184,41.41379],[-72.85324,41.41479],[-72.85224,41.41489],[-72.85274,41.41629],[-72.85194,41.41749],[-72.85265,41.41749],[-72.85304,41.41609],[-72.85255,41.41569],[-72.85265,41.41509],[-72.85345,41.41529],[-72.85355,41.41439],[-72.85234,41.41409],[-72.85265,41.41259],[-72.85224,41.41199],[-72.85345,41.41219],[-72.85424,41.41159],[-72.85224,41.41079],[-72.85245,41.40989],[-72.85174,41.40859],[-72.85255,41.40849],[-72.85274,41.40779],[-72.85384,41.40769],[-72.85445,41.40819],[-72.85484,41.40779],[-72.85464,41.40699],[-72.85345,41.40729],[-72.85374,41.40679],[-72.85905,41.40749],[-72.85885,41.40579],[-72.86014,41.40539],[-72.86005,41.40179],[-72.86334,41.40099],[-72.86334,41.39999],[-72.86475,41.39999],[-72.86504,41.39899],[-72.86624,41.39959],[-72.86904,41.39709],[-72.86854,41.39679],[-72.86835,41.39529],[-72.86874,41.39499],[-72.86835,41.39439],[-72.86954,41.39499],[-72.87054,41.39349],[-72.87035,41.39289],[-72.86904,41.39259],[-72.86825,41.39349],[-72.86845,41.39139],[-72.87015,41.39199],[-72.87005,41.39099],[-72.87154,41.38999],[-72.87274,41.38749],[-72.87174,41.38569],[-72.87184,41.38289],[-72.87385,41.38319],[-72.87485,41.38099],[-72.87405,41.38049],[-72.87254,41.38049],[-72.87154,41.37929],[-72.87364,41.37989],[-72.87405,41.37949],[-72.87315,41.37779],[-72.87395,41.37839],[-72.87444,41.37809],[-72.87285,41.37749],[-72.87195,41.37559],[-72.87305,41.37419],[-72.87424,41.37429],[-72.87305,41.37379],[-72.87364,41.37309],[-72.87315,41.37299],[-72.87315,41.36909],[-72.87485,41.36739],[-72.87544,41.36619],[-72.87475,41.36499],[-72.87614,41.36329],[-72.87894,41.36479],[-72.88064,41.36479],[-72.88204,41.36379],[-72.88215,41.361],[-72.90802,41.36652],[-72.90379,41.37811],[-72.89992,41.38003],[-72.89918,41.38135],[-72.89556,41.38359],[-72.89529,41.38447],[-72.89349,41.38614],[-72.89284,41.38947],[-72.89086,41.39322],[-72.88699,41.39329],[-72.88533,41.39964],[-72.88637,41.4113],[-72.88457,41.41141],[-72.88315,41.42331],[-72.88178,41.42313],[-72.87778,41.42432],[-72.87404,41.42633],[-72.86409,41.42657],[-72.86178,41.42593],[-72.85849,41.42944],[-72.85607,41.42983],[-72.85436,41.43084],[-72.85136,41.43438],[-72.85009,41.43397],[-72.8509,41.432],[-72.84964,41.42872],[-72.84837,41.42776],[-72.84829,41.42623],[-72.84792,41.4261]]],[[[-72.88664,41.33909],[-72.88805,41.33739],[-72.88764,41.33959],[-72.88654,41.34069],[-72.88664,41.33909]]],[[[-72.88267,41.35312],[-72.8829,41.35312],[-72.88311,41.3532],[-72.88267,41.35312]]],[[[-72.88393,41.35371],[-72.88369,41.35345],[-72.88382,41.35351],[-72.88393,41.35371]]]]}},{"type":"Feature","properties":{"name":"North Stonington School District"},"geometry":{"type":"Polygon","coordinates":[[[-71.96723,41.52867],[-71.79316,41.5057],[-71.7963,41.45152],[-71.79774,41.41673],[-71.79951,41.41584],[-71.80144,41.41555],[-71.80368,41.41743],[-71.80681,41.41667],[-71.81215,41.41921],[-71.81809,41.41985],[-71.82033,41.41938],[-71.82373,41.41728],[-71.82438,41.41546],[-71.82538,41.41469],[-71.8279,41.41433],[-71.83411,41.41158],[-71.8358,41.41223],[-71.83926,41.41239],[-71.84243,41.41026],[-71.84249,41.40871],[-71.84495,41.40885],[-71.86903,41.41438],[-71.94327,41.43365],[-71.94259,41.435],[-71.94374,41.43748],[-71.94266,41.43864],[-71.94241,41.44004],[-71.94289,41.44138],[-71.94452,41.44117],[-71.94583,41.44167],[-71.94661,41.44336],[-71.94705,41.44639],[-71.94935,41.44922],[-71.94813,41.45691],[-71.94744,41.45822],[-71.96101,41.50199],[-71.96723,41.52867]]]}},{"type":"Feature","properties":{"name":"Norwalk School District"},"geometry":{"type":"MultiPolygon","coordinates":[[[[-73.38015,41.1219],[-73.38431,41.10731],[-73.38341,41.10492],[-73.38444,41.10289],[-73.38364,41.10044],[-73.38516,41.09929],[-73.38526,41.10049],[-73.38606,41.10039],[-73.38616,41.09829],[-73.38516,41.09819],[-73.38586,41.09639],[-73.38686,41.09679],[-73.38746,41.09459],[-73.38806,41.09519],[-73.38876,41.09459],[-73.38976,41.09569],[-73.38846,41.09539],[-73.38816,41.09619],[-73.38916,41.09629],[-73.38876,41.09749],[-73.38766,41.09769],[-73.38776,41.09859],[-73.38836,41.09799],[-73.38986,41.09799],[-73.38946,41.09689],[-73.39046,41.09599],[-73.39026,41.09459],[-73.39146,41.09249],[-73.38986,41.09259],[-73.38956,41.09359],[-73.38726,41.09339],[-73.38946,41.09239],[-73.38896,41.09199],[-73.38676,41.09349],[-73.38686,41.09249],[-73.39216,41.08769],[-73.39286,41.08639],[-73.39326,41.08359],[-73.39596,41.08229],[-73.39866,41.08299],[-73.39946,41.08499],[-73.39836,41.08619],[-73.39634,41.08689],[-73.39766,41.08849],[-73.39696,41.09299],[-73.39796,41.09309],[-73.39756,41.09169],[-73.39806,41.08999],[-73.39836,41.09029],[-73.39856,41.08999],[-73.39826,41.08969],[-73.39906,41.08679],[-73.40006,41.08629],[-73.40236,41.08679],[-73.40156,41.08969],[-73.40066,41.09049],[-73.40126,41.09249],[-73.40036,41.09399],[-73.40206,41.09239],[-73.40426,41.09289],[-73.40376,41.09619],[-73.40526,41.09659],[-73.40656,41.09899],[-73.40726,41.09929],[-73.40756,41.09649],[-73.41026,41.09599],[-73.41176,41.09659],[-73.41396,41.09929],[-73.41356,41.10009],[-73.41466,41.10059],[-73.41486,41.10229],[-73.41446,41.10239],[-73.41446,41.10319],[-73.41366,41.10399],[-73.40976,41.10559],[-73.40946,41.10679],[-73.41086,41.10999],[-73.40916,41.11119],[-73.40876,41.11319],[-73.41106,41.11769],[-73.41226,41.11839],[-73.41006,41.11479],[-73.41076,41.11229],[-73.41236,41.10959],[-73.41306,41.10929],[-73.41096,41.10739],[-73.41136,41.10629],[-73.41566,41.10429],[-73.41646,41.10449],[-73.41666,41.10389],[-73.41456,41.09689],[-73.41216,41.09459],[-73.41316,41.09429],[-73.41266,41.09309],[-73.41076,41.09259],[-73.41026,41.09149],[-73.41046,41.09059],[-73.41176,41.08979],[-73.41156,41.08879],[-73.41216,41.08769],[-73.41186,41.08649],[-73.41066,41.08569],[-73.41106,41.08449],[-73.41306,41.08349],[-73.41326,41.08209],[-73.41586,41.08109],[-73.41336,41.08039],[-73.41136,41.08089],[-73.41086,41.08129],[-73.41156,41.08199],[-73.41116,41.08299],[-73.41146,41.08329],[-73.41066,41.08409],[-73.40836,41.08449],[-73.40806,41.08369],[-73.40896,41.08049],[-73.40726,41.07549],[-73.40746,41.07209],[-73.40766,41.07399],[-73.40826,41.07429],[-73.40856,41.07189],[-73.41006,41.07129],[-73.41236,41.07119],[-73.41356,41.07389],[-73.41316,41.07409],[-73.41336,41.07529],[-73.41466,41.07629],[-73.41646,41.07569],[-73.41596,41.07509],[-73.41716,41.07529],[-73.41726,41.07609],[-73.41606,41.07709],[-73.41626,41.07789],[-73.41566,41.07789],[-73.41596,41.07859],[-73.41666,41.07819],[-73.41736,41.07869],[-73.41776,41.07839],[-73.41716,41.07809],[-73.41746,41.07679],[-73.41876,41.07609],[-73.41966,41.07749],[-73.42106,41.07779],[-73.42076,41.07859],[-73.42116,41.08019],[-73.42076,41.08079],[-73.42156,41.08059],[-73.42136,41.08139],[-73.42186,41.08139],[-73.42206,41.07799],[-73.42346,41.07769],[-73.42216,41.07649],[-73.42136,41.07719],[-73.42096,41.07639],[-73.42456,41.07199],[-73.42476,41.07089],[-73.42366,41.07049],[-73.42496,41.06749],[-73.42466,41.06629],[-73.42636,41.06599],[-73.42916,41.06329],[-73.42966,41.06349],[-73.43086,41.06719],[-73.43006,41.07039],[-73.43206,41.06949],[-73.43306,41.06589],[-73.43396,41.06499],[-73.43416,41.06269],[-73.43576,41.06169],[-73.43756,41.06189],[-73.43816,41.06129],[-73.43926,41.06149],[-73.44006,41.06079],[-73.44046,41.06129],[-73.43996,41.06199],[-73.44056,41.06269],[-73.44016,41.06359],[-73.44086,41.06459],[-73.44056,41.06359],[-73.44146,41.06119],[-73.44116,41.06019],[-73.43936,41.05989],[-73.43806,41.06089],[-73.43826,41.05999],[-73.43766,41.05959],[-73.43756,41.05849],[-73.43576,41.05749],[-73.43666,41.05829],[-73.43616,41.05919],[-73.43706,41.05889],[-73.43676,41.06019],[-73.43416,41.06079],[-73.43286,41.06009],[-73.43416,41.05869],[-73.43326,41.05709],[-73.43396,41.05579],[-73.43506,41.05669],[-73.43586,41.05619],[-73.43586,41.05689],[-73.43776,41.05689],[-73.43896,41.05609],[-73.43846,41.05559],[-73.43916,41.05549],[-73.43956,41.05649],[-73.44096,41.05619],[-73.44146,41.05689],[-73.44556,41.05831],[-73.44527,41.05941],[-73.44576,41.06221],[-73.44475,41.06343],[-73.44386,41.06919],[-73.44446,41.06979],[-73.44427,41.07069],[-73.44366,41.07099],[-73.44506,41.07069],[-73.44646,41.07129],[-73.44751,41.07264],[-73.44675,41.0762],[-73.44593,41.07648],[-73.44658,41.0782],[-73.44631,41.07875],[-73.44712,41.08137],[-73.44685,41.08248],[-73.44747,41.08501],[-73.44819,41.08604],[-73.45022,41.08652],[-73.45063,41.08811],[-73.4513,41.0886],[-73.45176,41.08866],[-73.45236,41.08768],[-73.45383,41.08748],[-73.45335,41.08838],[-73.45355,41.09191],[-73.45398,41.09167],[-73.45552,41.09286],[-73.46208,41.10107],[-73.47456,41.1147],[-73.4578,41.13641],[-73.4495,41.1501],[-73.44891,41.15375],[-73.41858,41.16086],[-73.4154,41.16289],[-73.39484,41.17177],[-73.38707,41.1705],[-73.38677,41.16981],[-73.38681,41.1664],[-73.38845,41.158],[-73.38809,41.15648],[-73.38877,41.14895],[-73.38668,41.14601],[-73.38272,41.14234],[-73.3829,41.13904],[-73.38015,41.1219]]],[[[-73.40516,41.05499],[-73.40546,41.05469],[-73.40596,41.05519],[-73.40516,41.05499]]],[[[-73.40846,41.05519],[-73.40986,41.05489],[-73.40936,41.05529],[-73.40846,41.05519]]],[[[-73.40546,41.05719],[-73.40596,41.05619],[-73.40656,41.05659],[-73.40546,41.05719]]],[[[-73.41016,41.05859],[-73.41056,41.05829],[-73.41056,41.05849],[-73.41016,41.05859]]],[[[-73.40506,41.05869],[-73.40576,41.05849],[-73.40586,41.05889],[-73.40506,41.05869]]],[[[-73.39036,41.06049],[-73.38866,41.05969],[-73.38676,41.05989],[-73.38666,41.05869],[-73.38826,41.05859],[-73.39196,41.06129],[-73.39106,41.06139],[-73.39036,41.06049]]],[[[-73.42176,41.06059],[-73.42316,41.05969],[-73.42346,41.06019],[-73.42176,41.06149],[-73.42176,41.06059]]],[[[-73.40036,41.06239],[-73.39966,41.06139],[-73.40246,41.05659],[-73.40236,41.05439],[-73.40336,41.05329],[-73.40686,41.05239],[-73.40876,41.05369],[-73.41326,41.05269],[-73.42126,41.04769],[-73.42366,41.04719],[-73.42376,41.04819],[-73.42206,41.04789],[-73.42116,41.04829],[-73.41896,41.05219],[-73.41816,41.05269],[-73.41776,41.05419],[-73.41346,41.05469],[-73.41356,41.05389],[-73.41446,41.05399],[-73.41416,41.05359],[-73.41466,41.05359],[-73.41356,41.05289],[-73.41006,41.05349],[-73.40996,41.05389],[-73.40326,41.05389],[-73.40246,41.05459],[-73.40326,41.05509],[-73.40336,41.05599],[-73.40226,41.05849],[-73.40346,41.05869],[-73.40576,41.06039],[-73.40676,41.05979],[-73.40636,41.05929],[-73.40706,41.05879],[-73.40686,41.05819],[-73.40776,41.05889],[-73.40696,41.06059],[-73.40556,41.06099],[-73.40566,41.06189],[-73.40496,41.06219],[-73.40286,41.06159],[-73.40036,41.06239]]],[[[-73.42026,41.06329],[-73.42076,41.06309],[-73.42026,41.06339],[-73.42026,41.06329]]],[[[-73.39186,41.06379],[-73.39486,41.06439],[-73.39456,41.06719],[-73.39246,41.06769],[-73.39056,41.06879],[-73.38816,41.06869],[-73.38726,41.06799],[-73.38726,41.06629],[-73.39186,41.06379]]],[[[-73.41846,41.06949],[-73.41906,41.06949],[-73.41866,41.06999],[-73.41846,41.06949]]],[[[-73.41796,41.07039],[-73.41756,41.07009],[-73.41796,41.07019],[-73.41796,41.07039]]],[[[-73.38356,41.07029],[-73.38526,41.06939],[-73.38606,41.06999],[-73.38366,41.07158],[-73.38356,41.07029]]],[[[-73.38886,41.07219],[-73.39196,41.07029],[-73.39256,41.07059],[-73.38856,41.07299],[-73.38716,41.07239],[-73.38886,41.07219]]],[[[-73.40376,41.07289],[-73.40446,41.07289],[-73.40366,41.07329],[-73.40376,41.07289]]],[[[-73.41486,41.07419],[-73.41516,41.07389],[-73.41546,41.07479],[-73.41486,41.07419]]],[[[-73.41956,41.07419],[-73.42026,41.07299],[-73.42056,41.07389],[-73.41966,41.07539],[-73.41956,41.07419]]],[[[-73.38396,41.08259],[-73.38446,41.08209],[-73.38506,41.08269],[-73.38436,41.08309],[-73.38396,41.08259]]],[[[-73.40576,41.08249],[-73.40646,41.08249],[-73.40616,41.08359],[-73.40556,41.08359],[-73.40576,41.08249]]],[[[-73.38476,41.09389],[-73.38486,41.09269],[-73.38556,41.09359],[-73.38546,41.09419],[-73.38376,41.09849],[-73.38326,41.09879],[-73.3833,41.09516],[-73.38476,41.09389]]]]}},{"type":"Feature","properties":{"name":"Norwich School District"},"geometry":{"type":"Polygon","coordinates":[[[-72.04786,41.59482],[-72.04597,41.5853],[-72.04447,41.58301],[-72.04298,41.58193],[-72.04168,41.58172],[-72.04118,41.58043],[-72.0452,41.57376],[-72.0459,41.57056],[-72.04562,41.5687],[-72.0434,41.56296],[-72.04321,41.56109],[-72.04612,41.556],[-72.04582,41.5493],[-72.04892,41.5463],[-72.05026,41.5418],[-72.04507,41.54056],[-72.0469,41.53517],[-72.04352,41.53251],[-72.04032,41.5311],[-72.0519,41.51744],[-72.05864,41.51208],[-72.0677,41.51753],[-72.07172,41.4979],[-72.07253,41.49189],[-72.07802,41.49071],[-72.08401,41.49391],[-72.09368,41.49721],[-72.0976,41.4955],[-72.09733,41.49532],[-72.09808,41.4945],[-72.09891,41.49447],[-72.10044,41.49592],[-72.09986,41.49649],[-72.10026,41.49684],[-72.10181,41.49709],[-72.10205,41.49793],[-72.10395,41.49903],[-72.10514,41.49893],[-72.10653,41.49959],[-72.10624,41.5013],[-72.10723,41.50169],[-72.10798,41.50283],[-72.1104,41.50197],[-72.11168,41.50204],[-72.11227,41.50091],[-72.11408,41.5005],[-72.11971,41.50287],[-72.1208,41.50283],[-72.12239,41.5019],[-72.12701,41.5032],[-72.12855,41.50292],[-72.12952,41.50329],[-72.13043,41.50279],[-72.13293,41.50261],[-72.13504,41.50362],[-72.13542,41.50401],[-72.13288,41.50891],[-72.14066,41.53629],[-72.1362,41.54373],[-72.13268,41.54847],[-72.13212,41.56484],[-72.13584,41.56922],[-72.13498,41.56953],[-72.1252,41.56335],[-72.10412,41.6008],[-72.06394,41.6083],[-72.05534,41.60464],[-72.05391,41.60338],[-72.04786,41.59482]]]}},{"type":"Feature","properties":{"name":"Old Saybrook School District"},"geometry":{"type":"MultiPolygon","coordinates":[[[[-72.36946,41.34013],[-72.36781,41.34008],[-72.36739,41.33913],[-72.36523,41.33859],[-72.36186,41.33478],[-72.36299,41.33459],[-72.36281,41.33376],[-72.36169,41.33312],[-72.36053,41.33339],[-72.35994,41.33297],[-72.35951,41.33226],[-72.36012,41.33198],[-72.36023,41.33111],[-72.35884,41.32967],[-72.35904,41.32892],[-72.35812,41.32557],[-72.35707,41.32416],[-72.35747,41.32401],[-72.35873,41.32524],[-72.36082,41.32539],[-72.3613,41.32513],[-72.36153,41.32353],[-72.36363,41.32317],[-72.36421,41.32162],[-72.36513,41.32229],[-72.3649,41.32154],[-72.36403,41.32129],[-72.36334,41.3231],[-72.36124,41.3235],[-72.36064,41.32452],[-72.36107,41.32494],[-72.35919,41.32478],[-72.35933,41.32394],[-72.35844,41.32423],[-72.35763,41.32328],[-72.3558,41.32316],[-72.35661,41.323],[-72.3568,41.32199],[-72.35612,41.32119],[-72.35733,41.31899],[-72.35603,41.32049],[-72.3551,41.31946],[-72.35498,41.32062],[-72.35473,41.31989],[-72.35419,41.31979],[-72.35443,41.32095],[-72.3559,41.3214],[-72.35522,41.32299],[-72.35469,41.3224],[-72.35388,41.32306],[-72.35152,41.32289],[-72.35065,41.32161],[-72.35071,41.31809],[-72.35037,41.31784],[-72.35062,41.31649],[-72.35113,41.31627],[-72.35074,41.31593],[-72.35173,41.31503],[-72.35168,41.31411],[-72.35208,41.3141],[-72.35168,41.31279],[-72.35359,41.30992],[-72.35429,41.30495],[-72.35603,41.29999],[-72.35725,41.29999],[-72.35815,41.30053],[-72.35863,41.30209],[-72.35806,41.30315],[-72.35815,41.30437],[-72.35947,41.30503],[-72.3576,41.30806],[-72.35789,41.30745],[-72.3591,41.30689],[-72.36013,41.30789],[-72.35948,41.30869],[-72.36064,41.30806],[-72.35939,41.30655],[-72.36003,41.30492],[-72.35883,41.30371],[-72.35944,41.30132],[-72.35837,41.29993],[-72.35739,41.29951],[-72.35818,41.29909],[-72.35689,41.29905],[-72.35681,41.29805],[-72.3576,41.29618],[-72.35771,41.29217],[-72.35812,41.29164],[-72.35867,41.29172],[-72.35686,41.29059],[-72.36153,41.29289],[-72.36259,41.29273],[-72.36291,41.29348],[-72.36508,41.29493],[-72.36298,41.29408],[-72.36307,41.29516],[-72.36372,41.29524],[-72.36342,41.29678],[-72.3651,41.29681],[-72.36633,41.29738],[-72.36694,41.29628],[-72.36627,41.29564],[-72.36891,41.29258],[-72.36714,41.29251],[-72.36661,41.29142],[-72.36752,41.2895],[-72.36702,41.28792],[-72.36735,41.28659],[-72.36702,41.28595],[-72.36574,41.28554],[-72.36578,41.28511],[-72.36487,41.28494],[-72.36293,41.28616],[-72.36226,41.28712],[-72.35869,41.28803],[-72.35709,41.28966],[-72.35524,41.28928],[-72.35533,41.28979],[-72.35203,41.28819],[-72.35171,41.28757],[-72.35236,41.28779],[-72.35208,41.28638],[-72.3512,41.2864],[-72.35155,41.28737],[-72.35017,41.28598],[-72.3497,41.28388],[-72.35113,41.28171],[-72.34907,41.28123],[-72.34894,41.28081],[-72.35402,41.28155],[-72.35756,41.27985],[-72.36174,41.2816],[-72.36363,41.28123],[-72.3643,41.28003],[-72.3661,41.28118],[-72.36871,41.28112],[-72.37047,41.27824],[-72.37268,41.27592],[-72.37274,41.27405],[-72.37207,41.27228],[-72.37263,41.27169],[-72.36958,41.27134],[-72.36816,41.27219],[-72.36459,41.2726],[-72.36227,41.27168],[-72.36093,41.272],[-72.3604,41.27304],[-72.35757,41.27461],[-72.35083,41.27397],[-72.34663,41.27629],[-72.34576,41.27591],[-72.34483,41.27285],[-72.3426,41.27192],[-72.34282,41.26881],[-72.34352,41.26815],[-72.34807,41.26969],[-72.35797,41.26855],[-72.36302,41.2665],[-72.36746,41.26404],[-72.37038,41.26375],[-72.37544,41.26468],[-72.38011,41.26453],[-72.38309,41.263],[-72.38524,41.26255],[-72.38863,41.26069],[-72.38931,41.26344],[-72.39473,41.27073],[-72.39477,41.27211],[-72.3938,41.27158],[-72.39255,41.27205],[-72.39278,41.27008],[-72.3911,41.26842],[-72.39127,41.26901],[-72.3923,41.26949],[-72.39246,41.2704],[-72.38983,41.2707],[-72.38928,41.2722],[-72.38863,41.27186],[-72.38885,41.27053],[-72.38843,41.26969],[-72.38826,41.27199],[-72.3894,41.27299],[-72.38908,41.2737],[-72.38971,41.2743],[-72.39052,41.27376],[-72.39091,41.27432],[-72.39026,41.2754],[-72.38922,41.27584],[-72.38917,41.27795],[-72.38792,41.27746],[-72.3873,41.27766],[-72.3871,41.27832],[-72.38585,41.27821],[-72.38531,41.28008],[-72.38347,41.28022],[-72.38252,41.28122],[-72.38092,41.28097],[-72.38039,41.28178],[-72.37926,41.28146],[-72.37903,41.28089],[-72.37891,41.28119],[-72.37898,41.28171],[-72.38042,41.2821],[-72.38116,41.28113],[-72.38245,41.28171],[-72.38409,41.28038],[-72.3856,41.28036],[-72.38609,41.2794],[-72.3867,41.27946],[-72.38774,41.27847],[-72.38771,41.27795],[-72.38933,41.27824],[-72.38978,41.27642],[-72.39107,41.27525],[-72.39189,41.27548],[-72.39189,41.27738],[-72.39275,41.27794],[-72.39185,41.27801],[-72.39123,41.27742],[-72.39098,41.27844],[-72.3887,41.27931],[-72.38846,41.28018],[-72.39108,41.27877],[-72.39142,41.27801],[-72.39136,41.27898],[-72.39304,41.27819],[-72.39229,41.27743],[-72.39346,41.27681],[-72.39485,41.27818],[-72.39663,41.27759],[-72.3941,41.28025],[-72.39511,41.28154],[-72.39465,41.28207],[-72.39398,41.2817],[-72.39351,41.28268],[-72.39395,41.28379],[-72.39384,41.28538],[-72.39233,41.28644],[-72.39244,41.28776],[-72.3913,41.28834],[-72.39117,41.28924],[-72.39017,41.29013],[-72.38812,41.29075],[-72.38881,41.29148],[-72.38809,41.29206],[-72.38818,41.29365],[-72.38757,41.29407],[-72.38774,41.29468],[-72.38724,41.29536],[-72.38861,41.2958],[-72.38879,41.29685],[-72.38728,41.29811],[-72.38698,41.29938],[-72.38948,41.29696],[-72.38965,41.29484],[-72.38945,41.29433],[-72.38892,41.29446],[-72.38872,41.29273],[-72.38989,41.29207],[-72.38931,41.29102],[-72.39107,41.29047],[-72.39206,41.28935],[-72.39203,41.28871],[-72.3931,41.28802],[-72.39333,41.28622],[-72.39485,41.28504],[-72.39458,41.28294],[-72.39549,41.2826],[-72.39592,41.28174],[-72.395,41.28026],[-72.39618,41.27881],[-72.39746,41.27816],[-72.40056,41.27854],[-72.40172,41.27741],[-72.40275,41.27737],[-72.40353,41.27823],[-72.40607,41.27885],[-72.40596,41.27975],[-72.40668,41.28042],[-72.40564,41.28239],[-72.40594,41.28245],[-72.40698,41.28107],[-72.40763,41.28109],[-72.40692,41.28053],[-72.40663,41.27891],[-72.40533,41.27819],[-72.40649,41.27677],[-72.41269,41.27858],[-72.41664,41.27849],[-72.42158,41.2837],[-72.43313,41.31519],[-72.43189,41.31712],[-72.42692,41.32128],[-72.42552,41.32422],[-72.42073,41.3254],[-72.40273,41.3316],[-72.39136,41.33223],[-72.38387,41.33198],[-72.37453,41.3376],[-72.37083,41.34106],[-72.36946,41.34013]]],[[[-72.39505,41.2776],[-72.39383,41.27639],[-72.39229,41.27661],[-72.3925,41.27588],[-72.39136,41.27487],[-72.3911,41.27399],[-72.38997,41.27335],[-72.38968,41.27278],[-72.3904,41.27092],[-72.39233,41.27084],[-72.39236,41.27238],[-72.39377,41.27192],[-72.39503,41.27259],[-72.39838,41.27701],[-72.39505,41.2776]]]]}},{"type":"Feature","properties":{"name":"Orange School District"},"geometry":{"type":"MultiPolygon","coordinates":[[[[-72.98915,41.3133],[-72.98427,41.30179],[-72.98599,41.29028],[-72.9873,41.28825],[-72.98614,41.28549],[-72.98706,41.28339],[-72.98712,41.28154],[-72.98565,41.28046],[-72.98403,41.2806],[-72.98298,41.28129],[-72.97994,41.27919],[-72.99203,41.26809],[-72.99243,41.25161],[-72.99138,41.25045],[-72.99237,41.24869],[-72.99179,41.24773],[-72.99046,41.24772],[-72.99096,41.24506],[-72.99205,41.24491],[-73.01271,41.24951],[-73.01798,41.25008],[-73.03031,41.25278],[-73.04414,41.25682],[-73.05151,41.2595],[-73.07228,41.26972],[-73.07856,41.27335],[-73.08576,41.27618],[-73.08435,41.27719],[-73.08345,41.27879],[-73.08085,41.28129],[-73.07795,41.28349],[-73.06935,41.28749],[-73.06725,41.28969],[-73.06505,41.29349],[-73.06455,41.29739],[-73.06555,41.29979],[-73.06745,41.30139],[-73.06587,41.30452],[-73.06481,41.30532],[-73.06503,41.30613],[-73.06175,41.31008],[-73.05792,41.31206],[-73.0567,41.31217],[-73.0532,41.31114],[-73.05313,41.31149],[-73.04911,41.3113],[-73.04071,41.31389],[-73.03358,41.31313],[-73.02806,41.31188],[-73.01478,41.31082],[-73.01307,41.31032],[-73.00876,41.31041],[-73.0007,41.31262],[-72.99805,41.3141],[-72.98915,41.3133]]],[[[-73.08315,41.27999],[-73.08505,41.27859],[-73.08375,41.28049],[-73.08175,41.28179],[-73.08315,41.27999]]]]}},{"type":"Feature","properties":{"name":"Oxford School District"},"geometry":{"type":"Polygon","coordinates":[[[-73.10423,41.4894],[-73.10432,41.4836],[-73.10347,41.48273],[-73.10335,41.48174],[-73.07737,41.46519],[-73.07861,41.45778],[-73.08345,41.43914],[-73.08513,41.43681],[-73.0864,41.43373],[-73.0927,41.41345],[-73.08358,41.40377],[-73.08866,41.3997],[-73.11053,41.3981],[-73.11376,41.38877],[-73.11583,41.38626],[-73.14701,41.36783],[-73.1514,41.37143],[-73.15485,41.3758],[-73.158,41.37785],[-73.15848,41.3795],[-73.15736,41.38081],[-73.15794,41.3816],[-73.15771,41.38292],[-73.15823,41.38353],[-73.16125,41.38385],[-73.16764,41.38349],[-73.17134,41.38394],[-73.17336,41.3836],[-73.18117,41.38961],[-73.18796,41.3973],[-73.18816,41.3982],[-73.18756,41.3996],[-73.18536,41.4022],[-73.18486,41.4063],[-73.18656,41.4086],[-73.19026,41.4103],[-73.19816,41.4119],[-73.19976,41.4132],[-73.20156,41.4158],[-73.20769,41.42054],[-73.19842,41.42646],[-73.18486,41.4341],[-73.16418,41.44819],[-73.1641,41.44951],[-73.16551,41.4506],[-73.16625,41.45225],[-73.16477,41.45379],[-73.16583,41.45686],[-73.1647,41.45831],[-73.16192,41.45771],[-73.16191,41.45908],[-73.16038,41.4596],[-73.16005,41.46143],[-73.15827,41.46197],[-73.15828,41.46385],[-73.15758,41.46509],[-73.15909,41.46811],[-73.1588,41.4697],[-73.15967,41.4705],[-73.15958,41.47136],[-73.15793,41.47366],[-73.15812,41.47445],[-73.15667,41.47734],[-73.15604,41.48287],[-73.15689,41.48363],[-73.15659,41.48433],[-73.15755,41.4868],[-73.15789,41.48941],[-73.12502,41.48755],[-73.10423,41.4894]]]}},{"type":"Feature","properties":{"name":"Plainfield School District"},"geometry":{"type":"Polygon","coordinates":[[[-71.85792,41.64423],[-71.87452,41.64213],[-71.95194,41.63433],[-71.95498,41.6348],[-71.94842,41.67477],[-71.95351,41.67528],[-71.9534,41.67742],[-71.95565,41.67977],[-71.95624,41.68189],[-71.95463,41.68616],[-71.95474,41.68978],[-71.9568,41.69255],[-71.95929,41.69191],[-71.96006,41.69213],[-71.96241,41.69577],[-71.96267,41.69809],[-71.96182,41.70046],[-71.96238,41.70289],[-71.96226,41.70493],[-71.96541,41.70847],[-71.96405,41.70988],[-71.96395,41.71075],[-71.96628,41.71444],[-71.96277,41.71613],[-71.95813,41.71962],[-71.95729,41.72129],[-71.95755,41.72404],[-71.95626,41.72622],[-71.95319,41.72641],[-71.9502,41.72523],[-71.94571,41.72252],[-71.94483,41.72301],[-71.9439,41.72531],[-71.94169,41.72702],[-71.93545,41.72947],[-71.93348,41.73073],[-71.93254,41.73171],[-71.93148,41.73461],[-71.92786,41.73493],[-71.92374,41.73411],[-71.92215,41.73439],[-71.91895,41.73613],[-71.91418,41.74146],[-71.91409,41.74392],[-71.9153,41.74679],[-71.91388,41.74844],[-71.91295,41.75107],[-71.91399,41.75444],[-71.91803,41.75722],[-71.91724,41.75971],[-71.8387,41.76883],[-71.85792,41.64423]]]}},{"type":"Feature","properties":{"name":"Plainville School District"},"geometry":{"type":"Polygon","coordinates":[[[-72.81544,41.68782],[-72.81978,41.6831],[-72.82341,41.67257],[-72.82562,41.66849],[-72.82257,41.65571],[-72.88338,41.64943],[-72.88647,41.663],[-72.88666,41.66601],[-72.89288,41.69669],[-72.87779,41.6981],[-72.86374,41.6954],[-72.81544,41.68782]]]}},{"type":"Feature","properties":{"name":"Plymouth School District"},"geometry":{"type":"Polygon","coordinates":[[[-72.99895,41.7144],[-72.98308,41.63952],[-73.00405,41.62858],[-73.02147,41.6271],[-73.01865,41.6141],[-73.03616,41.6152],[-73.05036,41.60975],[-73.06482,41.64104],[-73.06117,41.6652],[-73.0602,41.67428],[-73.06079,41.6743],[-73.05897,41.6827],[-73.05572,41.70289],[-73.05526,41.70816],[-72.99895,41.7144]]]}},{"type":"Feature","properties":{"name":"Pomfret School District"},"geometry":{"type":"Polygon","coordinates":[[[-71.91736,41.86924],[-71.91919,41.86781],[-71.923,41.86279],[-71.92311,41.8597],[-71.92616,41.85636],[-71.92713,41.85339],[-71.92734,41.85077],[-71.92581,41.84958],[-71.92163,41.85],[-71.91907,41.84613],[-71.91607,41.84489],[-71.91426,41.84071],[-71.91086,41.83831],[-71.91004,41.83681],[-71.91015,41.83581],[-71.90921,41.83464],[-71.90729,41.83267],[-71.9043,41.83128],[-71.90476,41.82879],[-71.90618,41.82682],[-71.9766,41.82677],[-71.97666,41.82418],[-71.97806,41.82089],[-71.97763,41.81831],[-71.99226,41.81852],[-71.99197,41.80613],[-72.01449,41.80499],[-72.01632,41.81266],[-72.0214,41.8282],[-72.0318,41.83172],[-72.04474,41.83155],[-72.04395,41.91455],[-72.00522,41.9144],[-71.93385,41.91686],[-71.93221,41.90605],[-71.9297,41.90296],[-71.92717,41.90075],[-71.92566,41.89757],[-71.92331,41.89042],[-71.92121,41.88699],[-71.92355,41.88324],[-71.92307,41.88117],[-71.92496,41.87453],[-71.92486,41.87358],[-71.9232,41.87048],[-71.91736,41.86924]]]}},{"type":"Feature","properties":{"name":"Portland School District"},"geometry":{"type":"MultiPolygon","coordinates":[[[[-72.54449,41.61582],[-72.5408,41.60537],[-72.54299,41.59642],[-72.54801,41.59034],[-72.55409,41.58152],[-72.55749,41.57845],[-72.55839,41.56891],[-72.55932,41.56593],[-72.55939,41.56266],[-72.56277,41.55843],[-72.56196,41.55612],[-72.56402,41.55692],[-72.56899,41.55771],[-72.57394,41.55941],[-72.57755,41.55899],[-72.58162,41.55977],[-72.58353,41.55927],[-72.59544,41.55949],[-72.59926,41.56069],[-72.6012,41.56082],[-72.60219,41.56144],[-72.60278,41.56127],[-72.60411,41.56339],[-72.60503,41.56394],[-72.60959,41.56498],[-72.61369,41.56488],[-72.61989,41.56289],[-72.62054,41.56343],[-72.62775,41.56179],[-72.6323,41.56178],[-72.64,41.56365],[-72.64648,41.56798],[-72.64658,41.57106],[-72.64593,41.57553],[-72.64125,41.58544],[-72.63942,41.58737],[-72.63655,41.59277],[-72.62863,41.59887],[-72.62517,41.59993],[-72.62176,41.59935],[-72.61989,41.59957],[-72.615,41.602],[-72.61331,41.6035],[-72.61095,41.60765],[-72.61095,41.60968],[-72.61343,41.6124],[-72.62353,41.61937],[-72.62578,41.6222],[-72.62784,41.6259],[-72.62848,41.63036],[-72.62913,41.63145],[-72.62874,41.63338],[-72.54423,41.6427],[-72.52929,41.61744],[-72.54449,41.61582]]],[[[-72.64734,41.57841],[-72.6467,41.57894],[-72.6481,41.57395],[-72.64844,41.56935],[-72.64898,41.5755],[-72.64705,41.57991],[-72.6467,41.57968],[-72.64752,41.57911],[-72.64734,41.57841]]],[[[-72.62007,41.60108],[-72.61995,41.6024],[-72.61925,41.6035],[-72.61714,41.60499],[-72.61632,41.60636],[-72.61555,41.61106],[-72.61384,41.61072],[-72.61219,41.60909],[-72.61195,41.60817],[-72.61249,41.60657],[-72.61696,41.60233],[-72.62007,41.60108]]]]}},{"type":"Feature","properties":{"name":"Preston School District"},"geometry":{"type":"Polygon","coordinates":[[[-71.98923,41.56564],[-71.95458,41.56653],[-71.90286,41.52026],[-71.96723,41.52867],[-71.96101,41.50199],[-71.95662,41.4874],[-72.00591,41.4848],[-72.01875,41.48388],[-72.02363,41.4831],[-72.03383,41.4848],[-72.03967,41.48289],[-72.03981,41.48431],[-72.04093,41.48471],[-72.04673,41.48522],[-72.05008,41.48494],[-72.05566,41.48328],[-72.05842,41.4799],[-72.05871,41.47829],[-72.05809,41.47359],[-72.06492,41.4657],[-72.07002,41.4636],[-72.06992,41.46581],[-72.07062,41.46933],[-72.07362,41.47497],[-72.07342,41.47839],[-72.07442,41.48181],[-72.07761,41.48509],[-72.0805,41.48917],[-72.08102,41.4921],[-72.07757,41.49068],[-72.07253,41.49189],[-72.07172,41.4979],[-72.0677,41.51753],[-72.05864,41.51208],[-72.0519,41.51744],[-72.04032,41.5311],[-72.04352,41.53251],[-72.0469,41.53517],[-72.04507,41.54056],[-72.05026,41.5418],[-72.04892,41.5463],[-72.04582,41.5493],[-72.04612,41.556],[-72.04141,41.55558],[-72.03659,41.55367],[-72.02954,41.55528],[-72.02678,41.55494],[-72.02269,41.55343],[-72.01916,41.55396],[-72.01578,41.5573],[-72.01268,41.56474],[-72.01168,41.56863],[-72.01072,41.5694],[-72.00703,41.56869],[-72.00332,41.5666],[-72.00004,41.56565],[-71.99305,41.56642],[-71.9906,41.56479],[-71.98923,41.56564]]]}},{"type":"Feature","properties":{"name":"Putnam School District"},"geometry":{"type":"Polygon","coordinates":[[[-71.79789,41.93236],[-71.79683,41.90445],[-71.89834,41.88064],[-71.90379,41.87665],[-71.90561,41.87318],[-71.90857,41.87262],[-71.9091,41.87012],[-71.9104,41.86935],[-71.91202,41.86908],[-71.91513,41.87001],[-71.91736,41.86924],[-71.9232,41.87048],[-71.9248,41.87344],[-71.92496,41.87453],[-71.92307,41.88117],[-71.92355,41.88324],[-71.92121,41.88699],[-71.92331,41.89042],[-71.92566,41.89757],[-71.92717,41.90075],[-71.9297,41.90296],[-71.93228,41.90625],[-71.93385,41.91686],[-71.92735,41.91705],[-71.93179,41.93157],[-71.79789,41.93236]]]}},{"type":"Feature","properties":{"name":"Redding School District"},"geometry":{"type":"Polygon","coordinates":[[[-73.32529,41.32247],[-73.32037,41.31539],[-73.31975,41.31529],[-73.31869,41.31391],[-73.31907,41.31328],[-73.31793,41.31193],[-73.316,41.31092],[-73.31549,41.30977],[-73.31565,41.30862],[-73.31422,41.3082],[-73.3048,41.29776],[-73.33125,41.28888],[-73.37295,41.27341],[-73.4301,41.25433],[-73.43615,41.26227],[-73.44714,41.27848],[-73.45027,41.3004],[-73.4516,41.30423],[-73.45115,41.30601],[-73.46197,41.31127],[-73.46605,41.31221],[-73.4701,41.32642],[-73.42417,41.33488],[-73.42433,41.33529],[-73.36024,41.34683],[-73.34705,41.35043],[-73.33334,41.31834],[-73.32529,41.32247]]]}},{"type":"Feature","properties":{"name":"Regional School District 06"},"geometry":{"type":"MultiPolygon","coordinates":[[[[-73.26304,41.91619],[-73.165,41.91325],[-73.20184,41.79001],[-73.2246,41.78814],[-73.24955,41.78532],[-73.29856,41.77903],[-73.29617,41.76335],[-73.29519,41.75007],[-73.29379,41.73772],[-73.29331,41.7366],[-73.29357,41.73372],[-73.29425,41.73262],[-73.29522,41.7323],[-73.29589,41.7307],[-73.29529,41.72603],[-73.29426,41.72504],[-73.29275,41.71878],[-73.29339,41.71447],[-73.29582,41.71084],[-73.29482,41.71031],[-73.29427,41.70867],[-73.30491,41.70506],[-73.34327,41.69688],[-73.37875,41.69938],[-73.38032,41.70168],[-73.38005,41.70398],[-73.38348,41.70833],[-73.38347,41.70931],[-73.39855,41.73617],[-73.40157,41.75436],[-73.39323,41.76093],[-73.38692,41.78101],[-73.30137,41.779],[-73.30012,41.78163],[-73.27511,41.87376],[-73.26304,41.91619]]],[[[-73.1568,41.71586],[-73.14135,41.67275],[-73.14203,41.67229],[-73.17076,41.6692],[-73.26145,41.66464],[-73.26056,41.68382],[-73.27549,41.69522],[-73.27631,41.70785],[-73.20009,41.71163],[-73.1568,41.71586]]]]}},{"type":"Feature","properties":{"name":"Regional School District 10"},"geometry":{"type":"Polygon","coordinates":[[[-72.92118,41.80712],[-72.9207,41.80585],[-72.92101,41.80539],[-72.92682,41.804],[-72.92818,41.80251],[-72.92744,41.80052],[-72.92542,41.79844],[-72.92449,41.79001],[-72.92499,41.78791],[-72.9216,41.78254],[-72.92047,41.77957],[-72.9194,41.77856],[-72.91765,41.77774],[-72.90848,41.77604],[-72.90493,41.75809],[-72.90425,41.75024],[-72.90273,41.74466],[-72.90208,41.73974],[-72.89983,41.73205],[-72.89827,41.72318],[-72.90503,41.72218],[-72.94308,41.71884],[-72.94409,41.71808],[-72.94656,41.71774],[-72.95927,41.71668],[-72.96198,41.71529],[-72.96136,41.71648],[-72.99855,41.7125],[-72.99895,41.7144],[-73.05526,41.70816],[-73.0684,41.70709],[-73.071,41.71035],[-73.07877,41.71467],[-73.0815,41.71703],[-73.08751,41.71756],[-73.08866,41.71808],[-73.0893,41.71974],[-73.0926,41.7224],[-73.0932,41.72344],[-73.09312,41.72457],[-73.09413,41.72525],[-73.09765,41.72979],[-73.099,41.73065],[-73.10191,41.73104],[-73.10508,41.73466],[-73.1051,41.7358],[-73.10563,41.7364],[-73.1093,41.73871],[-73.11177,41.73912],[-73.11401,41.74029],[-73.11557,41.74193],[-73.11532,41.74518],[-73.11399,41.74769],[-73.11264,41.74857],[-73.1121,41.75071],[-73.11407,41.75379],[-73.1172,41.75667],[-73.11698,41.75855],[-73.11611,41.75992],[-73.1172,41.76292],[-73.11603,41.76672],[-73.1166,41.76854],[-73.11619,41.76981],[-73.1205,41.77461],[-73.1183,41.77728],[-73.11715,41.78137],[-73.11247,41.78222],[-73.11209,41.78494],[-73.11028,41.78791],[-73.10368,41.79508],[-73.10409,41.79839],[-73.01667,41.79818],[-72.92562,41.80921],[-72.92478,41.80843],[-72.92381,41.80817],[-72.92384,41.80875],[-72.92118,41.80712]]]}},{"type":"Feature","properties":{"name":"Regional School District 12"},"geometry":{"type":"Polygon","coordinates":[[[-73.28824,41.70476],[-73.26056,41.68382],[-73.26145,41.66464],[-73.25543,41.61653],[-73.2535,41.60445],[-73.26734,41.6032],[-73.2612,41.56261],[-73.2609,41.55722],[-73.25803,41.53694],[-73.25226,41.51213],[-73.3079,41.506],[-73.31938,41.50514],[-73.32052,41.50398],[-73.3213,41.5005],[-73.32551,41.49531],[-73.32679,41.49304],[-73.32478,41.48962],[-73.32684,41.48597],[-73.32711,41.48453],[-73.32267,41.48077],[-73.32091,41.47701],[-73.31428,41.4711],[-73.31047,41.46882],[-73.31287,41.46742],[-73.32677,41.46952],[-73.33666,41.4757],[-73.34766,41.4781],[-73.34926,41.4794],[-73.35886,41.48209],[-73.3641,41.48528],[-73.37526,41.48919],[-73.37676,41.49899],[-73.37896,41.50189],[-73.38196,41.50359],[-73.38706,41.50519],[-73.38856,41.50649],[-73.38746,41.50909],[-73.38496,41.51099],[-73.38506,41.51249],[-73.38696,41.51479],[-73.39741,41.51827],[-73.39978,41.5201],[-73.4026,41.52511],[-73.40452,41.53121],[-73.40474,41.53702],[-73.40424,41.53732],[-73.40444,41.53842],[-73.40355,41.54058],[-73.40033,41.54282],[-73.39946,41.54402],[-73.39696,41.5437],[-73.39395,41.54479],[-73.39346,41.54444],[-73.39308,41.54492],[-73.39209,41.5448],[-73.39186,41.5457],[-73.39088,41.54612],[-73.39066,41.54685],[-73.38902,41.5469],[-73.38897,41.54788],[-73.38955,41.54804],[-73.3896,41.54878],[-73.39098,41.55009],[-73.39023,41.55229],[-73.39034,41.55465],[-73.3912,41.55529],[-73.39117,41.55603],[-73.37907,41.56214],[-73.37205,41.56511],[-73.3629,41.56491],[-73.34307,41.56586],[-73.34862,41.59518],[-73.35622,41.62901],[-73.35908,41.64652],[-73.37041,41.65529],[-73.37786,41.65898],[-73.38311,41.68706],[-73.38399,41.69876],[-73.37875,41.69938],[-73.34327,41.69688],[-73.30491,41.70506],[-73.29427,41.70867],[-73.28824,41.70476]]]}},{"type":"Feature","properties":{"name":"Regional School District 13"},"geometry":{"type":"Polygon","coordinates":[[[-72.6337,41.5002],[-72.6279,41.48542],[-72.63704,41.46383],[-72.63136,41.45968],[-72.62265,41.45461],[-72.60896,41.44309],[-72.61479,41.44175],[-72.65419,41.43826],[-72.66683,41.43569],[-72.67109,41.43536],[-72.67874,41.4338],[-72.68267,41.43378],[-72.69264,41.4323],[-72.74614,41.4233],[-72.73912,41.43829],[-72.73657,41.46448],[-72.73389,41.48537],[-72.74333,41.48311],[-72.74888,41.54428],[-72.73486,41.54433],[-72.73358,41.54616],[-72.72288,41.54795],[-72.71166,41.54865],[-72.7112,41.54772],[-72.69455,41.54953],[-72.6882,41.53863],[-72.68809,41.53703],[-72.68257,41.53109],[-72.68206,41.52973],[-72.68086,41.52271],[-72.68127,41.51687],[-72.68031,41.5162],[-72.68046,41.51471],[-72.67905,41.50799],[-72.67759,41.49484],[-72.6337,41.5002]]]}},{"type":"Feature","properties":{"name":"Regional School District 14"},"geometry":{"type":"Polygon","coordinates":[[[-73.14504,41.55782],[-73.16468,41.55709],[-73.15549,41.5143],[-73.2042,41.50853],[-73.24237,41.51298],[-73.25226,41.51213],[-73.25803,41.53694],[-73.2609,41.55722],[-73.2612,41.56261],[-73.26734,41.6032],[-73.2535,41.60445],[-73.25543,41.61653],[-73.26145,41.66464],[-73.17076,41.6692],[-73.15823,41.61445],[-73.15447,41.59981],[-73.14838,41.57217],[-73.1483,41.56878],[-73.14721,41.56713],[-73.14504,41.55782]]]}},{"type":"Feature","properties":{"name":"Regional School District 15"},"geometry":{"type":"Polygon","coordinates":[[[-73.07011,41.5143],[-73.09468,41.51381],[-73.09475,41.51151],[-73.09576,41.51048],[-73.09605,41.50805],[-73.09572,41.5062],[-73.09601,41.50495],[-73.09531,41.50157],[-73.09738,41.50067],[-73.09959,41.49804],[-73.1011,41.49776],[-73.10187,41.49696],[-73.10219,41.49537],[-73.10354,41.49447],[-73.10453,41.49206],[-73.10423,41.4894],[-73.12502,41.48755],[-73.15789,41.48941],[-73.15755,41.4868],[-73.15659,41.48433],[-73.15689,41.48363],[-73.15604,41.48287],[-73.15667,41.47734],[-73.15812,41.47445],[-73.15793,41.47366],[-73.15958,41.47136],[-73.15967,41.4705],[-73.1588,41.4697],[-73.15909,41.46811],[-73.15758,41.46509],[-73.15828,41.46385],[-73.15827,41.46197],[-73.16005,41.46143],[-73.16038,41.4596],[-73.16191,41.45908],[-73.16192,41.45771],[-73.1647,41.45831],[-73.16583,41.45686],[-73.16477,41.45379],[-73.16625,41.45225],[-73.16551,41.4506],[-73.1641,41.44951],[-73.16418,41.44819],[-73.18486,41.4341],[-73.19842,41.42646],[-73.20769,41.42054],[-73.21183,41.42277],[-73.21443,41.42507],[-73.21713,41.42837],[-73.21823,41.42907],[-73.22208,41.42981],[-73.22648,41.43031],[-73.22677,41.42982],[-73.22997,41.42912],[-73.23591,41.42615],[-73.23841,41.42625],[-73.24229,41.42984],[-73.24234,41.43607],[-73.24356,41.43856],[-73.24433,41.43956],[-73.24526,41.4399],[-73.25119,41.43777],[-73.25773,41.43356],[-73.2592,41.43333],[-73.26368,41.43453],[-73.26579,41.4368],[-73.26749,41.44358],[-73.27024,41.44801],[-73.2737,41.45165],[-73.27825,41.45264],[-73.28074,41.4523],[-73.2878,41.45032],[-73.29126,41.44811],[-73.29395,41.44736],[-73.29776,41.44828],[-73.29951,41.45102],[-73.30079,41.4559],[-73.29986,41.45843],[-73.29983,41.46078],[-73.29831,41.46477],[-73.29826,41.46763],[-73.29959,41.47011],[-73.30276,41.47144],[-73.30503,41.47115],[-73.31047,41.46882],[-73.31278,41.46994],[-73.32091,41.47701],[-73.32267,41.48077],[-73.32711,41.48453],[-73.32684,41.48597],[-73.32478,41.48962],[-73.32679,41.49304],[-73.32551,41.49531],[-73.3213,41.5005],[-73.32052,41.50398],[-73.31938,41.50514],[-73.3079,41.506],[-73.24276,41.51299],[-73.2042,41.50853],[-73.15549,41.5143],[-73.16468,41.55709],[-73.14515,41.5578],[-73.11519,41.56454],[-73.09385,41.5702],[-73.08973,41.54777],[-73.08683,41.53721],[-73.0802,41.52596],[-73.07227,41.5183],[-73.07011,41.5143]]]}},{"type":"Feature","properties":{"name":"Regional School District 16"},"geometry":{"type":"MultiPolygon","coordinates":[[[[-72.94067,41.51418],[-72.94013,41.51306],[-72.93506,41.50756],[-72.93465,41.50125],[-72.93762,41.49714],[-72.93986,41.49636],[-72.94124,41.49518],[-72.9415,41.49166],[-72.94365,41.48846],[-72.94352,41.48619],[-72.94404,41.48439],[-72.94373,41.48327],[-72.94434,41.48158],[-72.94436,41.47943],[-72.94541,41.47851],[-72.94725,41.47822],[-72.94771,41.47743],[-72.9491,41.47291],[-72.94996,41.47175],[-72.95007,41.46912],[-72.95239,41.46459],[-72.98544,41.46904],[-72.98976,41.46887],[-73.0013,41.47106],[-73.00237,41.47384],[-73.00193,41.47476],[-73.00268,41.47461],[-73.00632,41.48394],[-73.01866,41.51961],[-73.01131,41.52216],[-73.00508,41.52369],[-72.97831,41.53393],[-72.96725,41.52924],[-72.94896,41.52268],[-72.94067,41.51418]]],[[[-73.05047,41.46834],[-73.04611,41.46875],[-73.0433,41.46816],[-73.04144,41.46888],[-73.03919,41.46639],[-73.03665,41.4659],[-73.03426,41.4664],[-73.03235,41.46533],[-73.03047,41.46591],[-73.02618,41.46156],[-73.02497,41.45123],[-73.02522,41.43457],[-73.02946,41.41949],[-73.06311,41.4236],[-73.06527,41.41877],[-73.06788,41.41666],[-73.06958,41.41377],[-73.07026,41.41136],[-73.06847,41.41074],[-73.07589,41.4104],[-73.08358,41.40377],[-73.0927,41.41345],[-73.0864,41.43373],[-73.08513,41.43681],[-73.08345,41.43914],[-73.07861,41.45778],[-73.07737,41.46519],[-73.0702,41.46054],[-73.06778,41.45996],[-73.06448,41.45757],[-73.06177,41.45627],[-73.05943,41.45848],[-73.05571,41.45979],[-73.0544,41.46083],[-73.05349,41.46218],[-73.05378,41.46537],[-73.05212,41.46896],[-73.05047,41.46834]]]]}},{"type":"Feature","properties":{"name":"Regional School District 17"},"geometry":{"type":"MultiPolygon","coordinates":[[[[-72.55695,41.5109],[-72.55315,41.5037],[-72.5535,41.50325],[-72.5528,41.50322],[-72.55152,41.50177],[-72.54748,41.4997],[-72.54037,41.49874],[-72.52402,41.49237],[-72.51972,41.4892],[-72.51745,41.48811],[-72.51501,41.48592],[-72.50658,41.48149],[-72.50257,41.47681],[-72.49817,41.474],[-72.49674,41.47361],[-72.49473,41.47407],[-72.49175,41.47329],[-72.47861,41.46826],[-72.47357,41.4649],[-72.47092,41.46202],[-72.46742,41.45263],[-72.46487,41.45046],[-72.46393,41.44906],[-72.46341,41.44083],[-72.45369,41.43332],[-72.50302,41.427],[-72.52416,41.42481],[-72.53878,41.42149],[-72.52045,41.36532],[-72.51203,41.3416],[-72.53173,41.33676],[-72.57358,41.31483],[-72.58563,41.30986],[-72.58773,41.31185],[-72.58579,41.31294],[-72.58488,41.31293],[-72.5849,41.31396],[-72.58618,41.31423],[-72.58741,41.31375],[-72.58961,41.3155],[-72.5889,41.31626],[-72.58781,41.31605],[-72.58515,41.31895],[-72.58596,41.3218],[-72.58594,41.32401],[-72.58751,41.32433],[-72.5892,41.32273],[-72.5915,41.32266],[-72.59479,41.32613],[-72.59502,41.32699],[-72.59588,41.32766],[-72.59571,41.32804],[-72.59667,41.32845],[-72.59769,41.32835],[-72.59951,41.32726],[-72.60078,41.32581],[-72.60277,41.32605],[-72.60598,41.32782],[-72.6072,41.32767],[-72.60865,41.32818],[-72.61149,41.32748],[-72.61208,41.32922],[-72.61427,41.32962],[-72.61476,41.33137],[-72.61443,41.33286],[-72.61496,41.33359],[-72.61411,41.33427],[-72.6136,41.33622],[-72.6144,41.33731],[-72.61346,41.33965],[-72.61372,41.34024],[-72.61269,41.34087],[-72.61261,41.34254],[-72.6113,41.34307],[-72.61112,41.34445],[-72.61172,41.34866],[-72.61288,41.35041],[-72.61147,41.35188],[-72.61235,41.35268],[-72.61265,41.35383],[-72.61282,41.35689],[-72.61224,41.35909],[-72.61263,41.36049],[-72.61223,41.36267],[-72.60975,41.36337],[-72.60935,41.36536],[-72.61064,41.36675],[-72.60813,41.3674],[-72.60924,41.37053],[-72.60874,41.37113],[-72.60884,41.37351],[-72.61152,41.3765],[-72.61142,41.3773],[-72.61262,41.37799],[-72.61401,41.38078],[-72.61384,41.3844],[-72.61293,41.38492],[-72.61233,41.38618],[-72.61603,41.38874],[-72.61808,41.39174],[-72.62002,41.39225],[-72.62128,41.39344],[-72.62246,41.39359],[-72.62271,41.39463],[-72.62406,41.39514],[-72.62439,41.39602],[-72.62591,41.39717],[-72.6251,41.39859],[-72.62526,41.39953],[-72.6288,41.40106],[-72.63028,41.40268],[-72.63084,41.4038],[-72.63044,41.40676],[-72.63232,41.40816],[-72.63212,41.40919],[-72.63265,41.40953],[-72.63252,41.41045],[-72.63157,41.41138],[-72.63203,41.41214],[-72.6368,41.41273],[-72.63832,41.41247],[-72.64476,41.41521],[-72.64517,41.41585],[-72.64687,41.41574],[-72.64741,41.41696],[-72.6494,41.41755],[-72.65048,41.41912],[-72.64879,41.422],[-72.64226,41.42924],[-72.64613,41.43113],[-72.6495,41.43092],[-72.64962,41.43195],[-72.6486,41.43311],[-72.64836,41.43515],[-72.6498,41.4356],[-72.65221,41.43453],[-72.65458,41.43641],[-72.65367,41.43813],[-72.61479,41.44175],[-72.60896,41.44309],[-72.62265,41.45461],[-72.63136,41.45968],[-72.63704,41.46383],[-72.6279,41.48542],[-72.6337,41.5002],[-72.55695,41.5109]]],[[[-72.51488,41.48964],[-72.51797,41.49075],[-72.52315,41.49421],[-72.5221,41.49438],[-72.51774,41.49268],[-72.51488,41.48964]]],[[[-72.48236,41.5114],[-72.48403,41.50904],[-72.48572,41.50499],[-72.48785,41.50224],[-72.48789,41.50009],[-72.48852,41.50009],[-72.48916,41.49888],[-72.48706,41.49417],[-72.48702,41.49118],[-72.4865,41.49033],[-72.48374,41.48926],[-72.48024,41.48866],[-72.47921,41.4872],[-72.47887,41.48176],[-72.48021,41.48016],[-72.48032,41.47844],[-72.48257,41.47762],[-72.48109,41.47764],[-72.48099,41.47684],[-72.4799,41.47602],[-72.4798,41.47508],[-72.47156,41.47048],[-72.47011,41.46877],[-72.46989,41.46754],[-72.48063,41.47181],[-72.4823,41.47403],[-72.483,41.47364],[-72.48431,41.47398],[-72.49246,41.47853],[-72.49821,41.48028],[-72.50727,41.48543],[-72.51023,41.48788],[-72.51174,41.49122],[-72.51279,41.49197],[-72.51385,41.4938],[-72.51594,41.4953],[-72.52373,41.49724],[-72.52502,41.49842],[-72.5292,41.49951],[-72.53901,41.50079],[-72.54685,41.50295],[-72.54983,41.50531],[-72.55028,41.50757],[-72.55257,41.5114],[-72.5001,41.51673],[-72.48037,41.51947],[-72.48259,41.51844],[-72.4831,41.5166],[-72.4826,41.5159],[-72.48278,41.51517],[-72.48162,41.51416],[-72.48236,41.5114]]]]}},{"type":"Feature","properties":{"name":"Regional School District 18"},"geometry":{"type":"MultiPolygon","coordinates":[[[[-72.27664,41.44045],[-72.27906,41.42606],[-72.2791,41.42181],[-72.28215,41.4059],[-72.27925,41.38821],[-72.27672,41.3663],[-72.2745,41.35609],[-72.27072,41.35045],[-72.26509,41.33927],[-72.26133,41.334],[-72.25931,41.32969],[-72.2564,41.3259],[-72.25716,41.32508],[-72.25733,41.32397],[-72.25812,41.32347],[-72.25832,41.32185],[-72.25668,41.31951],[-72.25603,41.31559],[-72.25475,41.31284],[-72.25519,41.31152],[-72.25482,41.31031],[-72.25296,41.30914],[-72.25062,41.30472],[-72.24868,41.29957],[-72.25201,41.29842],[-72.25052,41.29438],[-72.25056,41.29173],[-72.25146,41.28987],[-72.25243,41.29089],[-72.25458,41.28976],[-72.25507,41.28918],[-72.25482,41.28805],[-72.25577,41.28643],[-72.2596,41.28461],[-72.26182,41.28219],[-72.263,41.28297],[-72.26581,41.28301],[-72.2672,41.28423],[-72.27112,41.28392],[-72.27161,41.28463],[-72.27775,41.28383],[-72.28441,41.28093],[-72.29095,41.27967],[-72.29158,41.28022],[-72.2948,41.27999],[-72.29558,41.2798],[-72.29573,41.27928],[-72.29694,41.2794],[-72.29912,41.27859],[-72.30087,41.27956],[-72.30603,41.27925],[-72.31283,41.27739],[-72.32725,41.27842],[-72.32863,41.27949],[-72.32205,41.27823],[-72.3214,41.27865],[-72.31374,41.27808],[-72.31497,41.28008],[-72.31796,41.28114],[-72.32091,41.28107],[-72.32051,41.28153],[-72.32082,41.28289],[-72.31863,41.28452],[-72.31459,41.28625],[-72.31517,41.28746],[-72.31285,41.28845],[-72.30972,41.29229],[-72.30882,41.2922],[-72.30833,41.29073],[-72.30931,41.2896],[-72.30862,41.28909],[-72.30882,41.28993],[-72.3081,41.29064],[-72.30896,41.29329],[-72.30803,41.29549],[-72.30872,41.29724],[-72.31082,41.29834],[-72.31132,41.29978],[-72.30946,41.30255],[-72.30992,41.30328],[-72.30812,41.30358],[-72.30701,41.30514],[-72.30733,41.30609],[-72.3058,41.30635],[-72.30557,41.30667],[-72.30623,41.30719],[-72.30492,41.30863],[-72.30441,41.31013],[-72.30321,41.31089],[-72.30363,41.31199],[-72.30417,41.31149],[-72.30376,41.31093],[-72.30463,41.31037],[-72.30669,41.30709],[-72.30608,41.30664],[-72.30734,41.30659],[-72.30824,41.30574],[-72.30757,41.30493],[-72.30843,41.30371],[-72.31032,41.30355],[-72.30992,41.30243],[-72.31174,41.30001],[-72.31148,41.2984],[-72.30896,41.29692],[-72.30908,41.29496],[-72.31015,41.29279],[-72.31252,41.28969],[-72.31468,41.28923],[-72.31679,41.29041],[-72.31692,41.28929],[-72.31641,41.28928],[-72.31699,41.28829],[-72.3166,41.288],[-72.31813,41.28703],[-72.31842,41.2874],[-72.31743,41.28899],[-72.31955,41.2877],[-72.32022,41.2891],[-72.3186,41.29108],[-72.31865,41.29188],[-72.3177,41.29191],[-72.31724,41.29262],[-72.31752,41.29329],[-72.31883,41.29323],[-72.31848,41.29394],[-72.31892,41.29409],[-72.31911,41.29288],[-72.31795,41.29316],[-72.3175,41.29282],[-72.31827,41.29221],[-72.31993,41.29269],[-72.31901,41.29193],[-72.32075,41.28918],[-72.3202,41.28754],[-72.32062,41.28649],[-72.32196,41.28628],[-72.32362,41.28659],[-72.32515,41.29045],[-72.32661,41.29235],[-72.32785,41.29269],[-72.32913,41.29444],[-72.32996,41.29406],[-72.32866,41.29591],[-72.32976,41.29693],[-72.32896,41.29847],[-72.33208,41.29926],[-72.33198,41.30048],[-72.33354,41.30213],[-72.33255,41.30356],[-72.3326,41.3042],[-72.33092,41.30479],[-72.33002,41.30599],[-72.33134,41.30499],[-72.33379,41.30579],[-72.33411,41.30498],[-72.33623,41.30408],[-72.3363,41.3034],[-72.33864,41.30505],[-72.33928,41.30457],[-72.33874,41.30347],[-72.33932,41.30389],[-72.33974,41.30337],[-72.34087,41.30378],[-72.33713,41.30128],[-72.33646,41.30201],[-72.3354,41.30211],[-72.33517,41.30147],[-72.33667,41.30078],[-72.3365,41.2999],[-72.33603,41.29989],[-72.33618,41.3004],[-72.33554,41.3007],[-72.33487,41.29977],[-72.33513,41.29956],[-72.33391,41.2989],[-72.33198,41.29642],[-72.33011,41.29644],[-72.32979,41.29538],[-72.33067,41.29404],[-72.33035,41.29293],[-72.32855,41.29204],[-72.32811,41.29146],[-72.32841,41.29134],[-72.33183,41.29303],[-72.33438,41.29492],[-72.33374,41.29559],[-72.33424,41.29663],[-72.33426,41.29555],[-72.33552,41.29554],[-72.33958,41.29831],[-72.33958,41.29967],[-72.34022,41.29887],[-72.34506,41.30504],[-72.34576,41.30737],[-72.34543,41.30857],[-72.34413,41.3087],[-72.34235,41.30714],[-72.34077,41.30709],[-72.33922,41.30849],[-72.33966,41.31071],[-72.3394,41.31206],[-72.33369,41.31584],[-72.33322,41.32005],[-72.33253,41.32053],[-72.33289,41.31933],[-72.33165,41.32032],[-72.33252,41.32081],[-72.33263,41.32159],[-72.33159,41.32174],[-72.33061,41.32413],[-72.32832,41.32689],[-72.32863,41.3321],[-72.32982,41.33335],[-72.32983,41.33439],[-72.32899,41.33491],[-72.3288,41.33601],[-72.32767,41.33634],[-72.32635,41.33604],[-72.32732,41.33677],[-72.33009,41.33701],[-72.33084,41.33581],[-72.3311,41.33678],[-72.33058,41.33777],[-72.33112,41.33889],[-72.33127,41.33786],[-72.33231,41.33657],[-72.33221,41.33559],[-72.33111,41.33344],[-72.33095,41.33194],[-72.32985,41.33137],[-72.32869,41.3283],[-72.32997,41.32614],[-72.33063,41.32583],[-72.33095,41.32635],[-72.33139,41.32581],[-72.33057,41.32544],[-72.33159,41.32277],[-72.33295,41.32195],[-72.33374,41.32018],[-72.33403,41.31631],[-72.33987,41.31203],[-72.34029,41.3113],[-72.33972,41.30919],[-72.34077,41.30767],[-72.34163,41.30748],[-72.34286,41.30881],[-72.34543,41.30939],[-72.34674,41.31133],[-72.34466,41.31362],[-72.3445,41.31438],[-72.34502,41.31449],[-72.34413,41.31487],[-72.34413,41.32097],[-72.34352,41.32225],[-72.34222,41.32332],[-72.34209,41.32519],[-72.34145,41.32568],[-72.34062,41.32889],[-72.34495,41.33256],[-72.34514,41.34081],[-72.34685,41.34004],[-72.34788,41.34154],[-72.34848,41.3414],[-72.35042,41.34499],[-72.35115,41.34476],[-72.35142,41.34389],[-72.35173,41.34539],[-72.35107,41.34594],[-72.35152,41.34657],[-72.35239,41.34637],[-72.35391,41.35161],[-72.35913,41.35349],[-72.35927,41.35811],[-72.35835,41.35896],[-72.35832,41.3584],[-72.3576,41.35884],[-72.35705,41.35853],[-72.35649,41.35928],[-72.35727,41.36039],[-72.35858,41.3599],[-72.35843,41.35929],[-72.35893,41.359],[-72.35989,41.3594],[-72.35986,41.35992],[-72.36113,41.35979],[-72.36101,41.36126],[-72.35933,41.3624],[-72.35895,41.36439],[-72.36002,41.36385],[-72.35991,41.36256],[-72.36027,41.36224],[-72.36163,41.36247],[-72.3625,41.36099],[-72.36283,41.36119],[-72.36536,41.3597],[-72.36566,41.35845],[-72.36455,41.35728],[-72.36516,41.35727],[-72.36568,41.35804],[-72.36783,41.35835],[-72.36873,41.35935],[-72.36851,41.36158],[-72.36573,41.36429],[-72.36705,41.36428],[-72.36717,41.36391],[-72.36818,41.36427],[-72.3676,41.36362],[-72.36906,41.36167],[-72.37033,41.3611],[-72.36952,41.36108],[-72.36938,41.36009],[-72.3699,41.36009],[-72.36838,41.3581],[-72.36627,41.35788],[-72.36562,41.3574],[-72.36753,41.35619],[-72.36656,41.35387],[-72.36548,41.3532],[-72.36287,41.35354],[-72.36011,41.35292],[-72.3611,41.35184],[-72.36143,41.35069],[-72.36296,41.34989],[-72.36373,41.35049],[-72.36383,41.34959],[-72.36373,41.35019],[-72.36265,41.3496],[-72.36123,41.35029],[-72.35997,41.34811],[-72.35911,41.3475],[-72.35783,41.34777],[-72.35846,41.34795],[-72.35709,41.34972],[-72.35501,41.34949],[-72.35527,41.34748],[-72.35483,41.34629],[-72.35612,41.34664],[-72.35852,41.34623],[-72.36093,41.34489],[-72.36159,41.3435],[-72.36018,41.34141],[-72.35654,41.33955],[-72.35516,41.33833],[-72.35432,41.33826],[-72.35443,41.33779],[-72.35657,41.33805],[-72.35837,41.33939],[-72.35939,41.33959],[-72.36198,41.34122],[-72.36397,41.34321],[-72.36542,41.34534],[-72.36595,41.34862],[-72.36742,41.35162],[-72.36952,41.35398],[-72.37187,41.35509],[-72.37489,41.35741],[-72.37623,41.36339],[-72.37193,41.37432],[-72.37039,41.37443],[-72.36819,41.3735],[-72.36645,41.37387],[-72.36459,41.37279],[-72.3633,41.37326],[-72.36151,41.37317],[-72.36045,41.37509],[-72.36042,41.37602],[-72.35872,41.37671],[-72.35796,41.37838],[-72.35651,41.37961],[-72.35571,41.38098],[-72.35611,41.38219],[-72.35371,41.3835],[-72.35229,41.38311],[-72.35128,41.38425],[-72.3511,41.38487],[-72.35174,41.38505],[-72.35159,41.3862],[-72.35223,41.38702],[-72.35201,41.388],[-72.35274,41.38855],[-72.35232,41.39127],[-72.35265,41.39194],[-72.3546,41.39018],[-72.35569,41.38789],[-72.35365,41.38684],[-72.35302,41.38533],[-72.35344,41.38462],[-72.35687,41.38272],[-72.35693,41.38165],[-72.35815,41.38037],[-72.36194,41.37826],[-72.3643,41.37553],[-72.36746,41.37556],[-72.36603,41.37696],[-72.36591,41.37768],[-72.36846,41.37693],[-72.36834,41.37609],[-72.36916,41.37562],[-72.37028,41.37611],[-72.37256,41.37579],[-72.37671,41.37971],[-72.3774,41.38097],[-72.37816,41.38525],[-72.37934,41.38674],[-72.3815,41.38827],[-72.38241,41.388],[-72.38942,41.38861],[-72.39352,41.38946],[-72.39777,41.39353],[-72.3981,41.39541],[-72.40031,41.39699],[-72.40098,41.39866],[-72.40384,41.40122],[-72.40858,41.40255],[-72.41094,41.4039],[-72.41422,41.40934],[-72.41331,41.40996],[-72.41298,41.41099],[-72.41179,41.41172],[-72.41398,41.41156],[-72.41473,41.41222],[-72.4168,41.41257],[-72.41884,41.41106],[-72.41805,41.41008],[-72.41908,41.40907],[-72.42091,41.40907],[-72.4247,41.4144],[-72.42503,41.41568],[-72.42673,41.41817],[-72.42816,41.41913],[-72.43059,41.42247],[-72.43093,41.42367],[-72.42761,41.42329],[-72.40948,41.4253],[-72.40303,41.42477],[-72.39979,41.42611],[-72.30553,41.43628],[-72.30487,41.43273],[-72.28658,41.43907],[-72.27664,41.44045]]],[[[-72.31943,41.28059],[-72.3201,41.27933],[-72.32182,41.27959],[-72.32062,41.28069],[-72.31943,41.28059]]],[[[-72.33418,41.28183],[-72.33292,41.2813],[-72.33293,41.28064],[-72.33356,41.28059],[-72.33418,41.28183]]],[[[-72.32352,41.28609],[-72.32062,41.28609],[-72.32011,41.28529],[-72.32262,41.28349],[-72.32352,41.28609]]],[[[-72.32632,41.29079],[-72.32739,41.29107],[-72.32733,41.2915],[-72.32632,41.29079]]],[[[-72.33685,41.29473],[-72.33583,41.29487],[-72.33279,41.29288],[-72.32591,41.28956],[-72.32541,41.28827],[-72.32648,41.2882],[-72.32963,41.29029],[-72.32945,41.28902],[-72.33008,41.28852],[-72.33221,41.28824],[-72.33343,41.28646],[-72.33278,41.2861],[-72.33208,41.28788],[-72.32963,41.2884],[-72.32896,41.28933],[-72.32663,41.28798],[-72.3253,41.28792],[-72.32432,41.28539],[-72.32443,41.28453],[-72.32945,41.28622],[-72.33,41.28582],[-72.32458,41.2841],[-72.32419,41.28438],[-72.32423,41.28229],[-72.32484,41.2813],[-72.32677,41.2803],[-72.32893,41.27989],[-72.33145,41.28066],[-72.33369,41.28268],[-72.33292,41.28329],[-72.33394,41.28385],[-72.33403,41.28499],[-72.33438,41.28455],[-72.33494,41.2847],[-72.33694,41.28622],[-72.3394,41.2901],[-72.34036,41.29359],[-72.34193,41.29548],[-72.34271,41.29861],[-72.33844,41.29668],[-72.33665,41.29529],[-72.33685,41.29473]]],[[[-72.34787,41.3301],[-72.34398,41.32877],[-72.34262,41.3277],[-72.34482,41.3239],[-72.34621,41.3245],[-72.34723,41.32637],[-72.34859,41.32972],[-72.34787,41.3301]]],[[[-72.35323,41.33973],[-72.35217,41.33986],[-72.35072,41.3388],[-72.34592,41.33699],[-72.34592,41.33319],[-72.34636,41.33208],[-72.34975,41.33332],[-72.35391,41.33598],[-72.35411,41.33665],[-72.3531,41.33748],[-72.35309,41.33816],[-72.35452,41.33981],[-72.35356,41.34016],[-72.35323,41.33973]]],[[[-72.35982,41.35259],[-72.35538,41.35159],[-72.35384,41.35045],[-72.35419,41.34975],[-72.35609,41.35004],[-72.35513,41.35049],[-72.35609,41.35057],[-72.35792,41.34979],[-72.35879,41.34783],[-72.35973,41.34849],[-72.35989,41.34984],[-72.36095,41.35043],[-72.3609,41.3515],[-72.35982,41.35259]]],[[[-72.3698,41.34933],[-72.36845,41.34782],[-72.36753,41.34539],[-72.36809,41.34512],[-72.36914,41.34567],[-72.36844,41.34504],[-72.36754,41.34501],[-72.36697,41.34428],[-72.36693,41.34289],[-72.37097,41.34565],[-72.37411,41.34919],[-72.37558,41.34917],[-72.37582,41.34999],[-72.37514,41.35353],[-72.37013,41.35052],[-72.3698,41.34933]]],[[[-72.36568,41.35596],[-72.36462,41.35646],[-72.3636,41.35607],[-72.3641,41.35509],[-72.36604,41.35542],[-72.36673,41.35479],[-72.36677,41.35619],[-72.36593,41.35669],[-72.36568,41.35596]]],[[[-72.36037,41.35928],[-72.36003,41.35819],[-72.35963,41.35899],[-72.3591,41.35876],[-72.35973,41.35754],[-72.35919,41.35597],[-72.35969,41.35491],[-72.35953,41.35399],[-72.36185,41.35511],[-72.36166,41.35664],[-72.36262,41.35829],[-72.36037,41.35928]]],[[[-72.35712,41.36019],[-72.35723,41.35899],[-72.35802,41.35959],[-72.35712,41.36019]]],[[[-72.36273,41.36024],[-72.3642,41.3589],[-72.36356,41.35809],[-72.36423,41.35759],[-72.36417,41.35815],[-72.36513,41.35857],[-72.36455,41.35889],[-72.365,41.35963],[-72.36409,41.35926],[-72.36352,41.36027],[-72.36319,41.36008],[-72.36283,41.36069],[-72.36273,41.36024]]],[[[-72.36191,41.36162],[-72.36082,41.36189],[-72.36134,41.36135],[-72.36143,41.35959],[-72.36296,41.35918],[-72.36191,41.36162]]],[[[-72.41608,41.3907],[-72.41693,41.39052],[-72.42097,41.39183],[-72.42337,41.39366],[-72.42446,41.39553],[-72.42197,41.39368],[-72.41608,41.3907]]],[[[-72.39522,41.38942],[-72.40679,41.39027],[-72.41578,41.39409],[-72.41936,41.39871],[-72.42136,41.40502],[-72.42109,41.40788],[-72.4193,41.4082],[-72.41665,41.40971],[-72.41507,41.40889],[-72.41392,41.40795],[-72.41237,41.40436],[-72.41079,41.40312],[-72.40836,41.40198],[-72.40536,41.40145],[-72.40353,41.40017],[-72.40089,41.39681],[-72.39871,41.39498],[-72.39847,41.39321],[-72.39592,41.39086],[-72.39522,41.38942]]],[[[-72.4148,41.40938],[-72.41662,41.41058],[-72.41468,41.41069],[-72.4148,41.40938]]]]}},{"type":"Feature","properties":{"name":"Ridgefield School District"},"geometry":{"type":"Polygon","coordinates":[[[-73.4701,41.32642],[-73.46605,41.31221],[-73.46197,41.31127],[-73.45115,41.30601],[-73.4516,41.30423],[-73.45027,41.3004],[-73.44714,41.27848],[-73.43819,41.26519],[-73.46099,41.25562],[-73.46364,41.25419],[-73.46393,41.25282],[-73.46923,41.25196],[-73.49836,41.23869],[-73.50253,41.23723],[-73.55096,41.29542],[-73.54988,41.30152],[-73.54909,41.32513],[-73.54362,41.37509],[-73.50644,41.37741],[-73.50485,41.3734],[-73.50157,41.362],[-73.4854,41.35662],[-73.4701,41.32642]]]}},{"type":"Feature","properties":{"name":"Rocky Hill School District"},"geometry":{"type":"Polygon","coordinates":[[[-72.63013,41.63979],[-72.7139,41.62771],[-72.71234,41.6306],[-72.71382,41.6348],[-72.7153,41.65271],[-72.70907,41.65315],[-72.703,41.65427],[-72.70604,41.6688],[-72.69587,41.67006],[-72.6935,41.67097],[-72.68837,41.67099],[-72.68311,41.67185],[-72.68241,41.67084],[-72.67709,41.66992],[-72.66994,41.66989],[-72.66774,41.67151],[-72.66697,41.67264],[-72.66534,41.6801],[-72.66334,41.68093],[-72.65905,41.68218],[-72.65905,41.68167],[-72.64911,41.68498],[-72.61844,41.68779],[-72.61204,41.68369],[-72.61063,41.67999],[-72.61284,41.68289],[-72.61124,41.67999],[-72.61043,41.67959],[-72.61024,41.67719],[-72.61114,41.67549],[-72.61104,41.67479],[-72.61883,41.67209],[-72.62404,41.67089],[-72.62733,41.66899],[-72.62923,41.66639],[-72.62913,41.66189],[-72.62584,41.65369],[-72.62624,41.64529],[-72.62884,41.64239],[-72.63013,41.63979]]]}},{"type":"Feature","properties":{"name":"Salem School District"},"geometry":{"type":"Polygon","coordinates":[[[-72.22762,41.5187],[-72.22627,41.51331],[-72.22444,41.50974],[-72.21815,41.50036],[-72.21677,41.48571],[-72.21681,41.48134],[-72.21512,41.4735],[-72.21269,41.45745],[-72.22246,41.45649],[-72.22152,41.4463],[-72.24202,41.4432],[-72.27664,41.44045],[-72.28658,41.43907],[-72.30487,41.43273],[-72.31254,41.47841],[-72.31525,41.47809],[-72.32293,41.51812],[-72.31367,41.5193],[-72.21911,41.53882],[-72.22592,41.52659],[-72.22712,41.5225],[-72.22762,41.5187]]]}},{"type":"Feature","properties":{"name":"Salisbury School District"},"geometry":{"type":"Polygon","coordinates":[[[-73.34054,42.04836],[-73.3405,42.04426],[-73.34297,42.04257],[-73.34477,42.03762],[-73.34658,42.03577],[-73.35008,42.03072],[-73.35243,42.02869],[-73.35334,42.02424],[-73.35217,42.02306],[-73.35234,42.02112],[-73.35096,42.0184],[-73.35094,42.01727],[-73.35135,42.01619],[-73.35594,42.01421],[-73.35811,42.01253],[-73.35922,42.00896],[-73.35871,42.00702],[-73.35739,42.00486],[-73.35727,42.00272],[-73.35862,42.00147],[-73.36367,42.00099],[-73.36413,42.00016],[-73.36381,41.99928],[-73.36496,41.99843],[-73.36565,41.9992],[-73.36537,42.00048],[-73.36595,42.00057],[-73.36685,42.00013],[-73.36738,41.99913],[-73.36934,41.99847],[-73.36861,41.99818],[-73.3663,41.99861],[-73.36574,41.99749],[-73.36492,41.9982],[-73.36752,41.99452],[-73.36674,41.99246],[-73.368,41.98747],[-73.36626,41.98459],[-73.36629,41.98309],[-73.3666,41.98247],[-73.36759,41.98212],[-73.36999,41.98343],[-73.37242,41.98216],[-73.37297,41.98104],[-73.37164,41.97651],[-73.36845,41.97351],[-73.36713,41.97116],[-73.36785,41.96636],[-73.36938,41.9648],[-73.37176,41.96343],[-73.37287,41.9619],[-73.37304,41.96019],[-73.37254,41.95933],[-73.36976,41.95732],[-73.37047,41.95592],[-73.36982,41.95491],[-73.37005,41.9513],[-73.3667,41.9476],[-73.36627,41.94628],[-73.36646,41.94321],[-73.36518,41.94201],[-73.36339,41.94171],[-73.36641,41.93762],[-73.36634,41.93609],[-73.36568,41.93532],[-73.36188,41.9345],[-73.36128,41.93391],[-73.36152,41.93048],[-73.35824,41.92812],[-73.35668,41.9261],[-73.35686,41.92499],[-73.36135,41.92299],[-73.36207,41.92224],[-73.36263,41.91992],[-73.36178,41.91835],[-73.39081,41.91887],[-73.44473,41.92087],[-73.4966,41.92175],[-73.49299,41.95829],[-73.48961,42.00009],[-73.48732,42.04953],[-73.42851,42.05048],[-73.34054,42.04836]]]}},{"type":"Feature","properties":{"name":"Scotland School District"},"geometry":{"type":"Polygon","coordinates":[[[-72.10263,41.74444],[-72.08098,41.73513],[-72.05256,41.73142],[-72.05618,41.70138],[-72.05294,41.68792],[-72.05345,41.68437],[-72.06205,41.65224],[-72.11977,41.66183],[-72.12019,41.68348],[-72.12249,41.71275],[-72.11204,41.7459],[-72.10263,41.74444]]]}},{"type":"Feature","properties":{"name":"Seymour School District"},"geometry":{"type":"Polygon","coordinates":[[[-73.04165,41.4209],[-73.04707,41.39884],[-73.04889,41.38413],[-73.04907,41.38105],[-73.04716,41.36053],[-73.07074,41.36022],[-73.08005,41.3628],[-73.08526,41.36298],[-73.0869,41.36266],[-73.09189,41.36034],[-73.09154,41.36116],[-73.08919,41.36285],[-73.08954,41.36314],[-73.09199,41.36213],[-73.09235,41.36055],[-73.09289,41.36079],[-73.0935,41.3603],[-73.09481,41.3607],[-73.0963,41.35916],[-73.09656,41.35817],[-73.09785,41.35753],[-73.09812,41.35659],[-73.10054,41.35402],[-73.10235,41.3529],[-73.11935,41.34757],[-73.12396,41.34559],[-73.12541,41.34727],[-73.12976,41.34944],[-73.1335,41.35031],[-73.13589,41.35167],[-73.13776,41.35709],[-73.13794,41.36004],[-73.1387,41.36211],[-73.14033,41.36409],[-73.14209,41.36452],[-73.14701,41.36783],[-73.11583,41.38626],[-73.11376,41.38877],[-73.11053,41.3981],[-73.08866,41.3997],[-73.07589,41.4104],[-73.06847,41.41074],[-73.07026,41.41136],[-73.06958,41.41377],[-73.06788,41.41666],[-73.06527,41.41877],[-73.06311,41.4236],[-73.04165,41.4209]]]}},{"type":"Feature","properties":{"name":"Sharon School District"},"geometry":{"type":"Polygon","coordinates":[[[-73.36178,41.91835],[-73.3611,41.91756],[-73.36089,41.91631],[-73.36127,41.91167],[-73.36059,41.90628],[-73.35964,41.90321],[-73.36109,41.89813],[-73.36065,41.89706],[-73.35886,41.89536],[-73.35872,41.8919],[-73.35796,41.89013],[-73.35779,41.88818],[-73.35939,41.88635],[-73.36538,41.88428],[-73.36582,41.88303],[-73.36508,41.87868],[-73.36542,41.875],[-73.36383,41.8716],[-73.36368,41.86919],[-73.36448,41.86863],[-73.3656,41.86895],[-73.36829,41.86838],[-73.36905,41.86756],[-73.36929,41.86549],[-73.37115,41.8642],[-73.37389,41.86066],[-73.37461,41.8581],[-73.37374,41.85426],[-73.37394,41.85322],[-73.37576,41.85102],[-73.37575,41.85031],[-73.37404,41.84803],[-73.37378,41.84706],[-73.37418,41.84553],[-73.37638,41.84105],[-73.37761,41.83956],[-73.37794,41.83756],[-73.38227,41.83382],[-73.38412,41.83098],[-73.38295,41.82898],[-73.37864,41.82565],[-73.37673,41.82484],[-73.37387,41.82507],[-73.3719,41.82282],[-73.37161,41.82154],[-73.37267,41.82036],[-73.37396,41.81682],[-73.37634,41.81455],[-73.37766,41.81351],[-73.38112,41.81214],[-73.38645,41.80824],[-73.38949,41.80706],[-73.39176,41.80746],[-73.39393,41.80594],[-73.39958,41.79877],[-73.40724,41.79268],[-73.41013,41.78829],[-73.50793,41.79152],[-73.50531,41.82394],[-73.4983,41.89251],[-73.4966,41.92175],[-73.44473,41.92087],[-73.39081,41.91887],[-73.36178,41.91835]]]}},{"type":"Feature","properties":{"name":"Shelton School District"},"geometry":{"type":"Polygon","coordinates":[[[-73.09519,41.25775],[-73.09827,41.25926],[-73.10297,41.25951],[-73.10295,41.26164],[-73.10411,41.26316],[-73.10661,41.26378],[-73.10726,41.26437],[-73.10661,41.26633],[-73.10592,41.26681],[-73.10829,41.26858],[-73.1439,41.25716],[-73.14688,41.25537],[-73.15527,41.26909],[-73.17391,41.26862],[-73.17864,41.27264],[-73.18,41.27483],[-73.19859,41.29338],[-73.20069,41.29472],[-73.2048,41.29936],[-73.18472,41.3265],[-73.18061,41.33297],[-73.17681,41.33759],[-73.17066,41.35793],[-73.15944,41.37291],[-73.15965,41.37491],[-73.15801,41.37625],[-73.15748,41.37651],[-73.15266,41.37109],[-73.14136,41.36219],[-73.13995,41.35929],[-73.13936,41.35319],[-73.13866,41.35229],[-73.12575,41.34529],[-73.12366,41.34129],[-73.12535,41.34179],[-73.12315,41.33919],[-73.12215,41.33879],[-73.11716,41.33249],[-73.11775,41.33269],[-73.11735,41.33219],[-73.10705,41.32619],[-73.09795,41.32179],[-73.09685,41.32219],[-73.09165,41.31869],[-73.08975,41.31649],[-73.08515,41.31299],[-73.07955,41.31199],[-73.07825,41.30699],[-73.07385,41.30349],[-73.06975,41.29889],[-73.06865,41.29919],[-73.06915,41.29989],[-73.06885,41.30029],[-73.06635,41.29839],[-73.06595,41.29509],[-73.06855,41.29899],[-73.06955,41.29859],[-73.06855,41.29679],[-73.06785,41.29209],[-73.06895,41.29039],[-73.07125,41.28839],[-73.07555,41.28649],[-73.08305,41.28409],[-73.08555,41.28169],[-73.08665,41.27899],[-73.08815,41.27689],[-73.08815,41.27549],[-73.09045,41.27069],[-73.09045,41.26709],[-73.08955,41.26499],[-73.08895,41.25879],[-73.08945,41.25619],[-73.09055,41.25759],[-73.09435,41.25679],[-73.09485,41.25869],[-73.09575,41.25909],[-73.09685,41.25889],[-73.09515,41.25819],[-73.09519,41.25775]]]}},{"type":"Feature","properties":{"name":"Sherman School District"},"geometry":{"type":"Polygon","coordinates":[[[-73.50692,41.6658],[-73.50693,41.66403],[-73.50629,41.66333],[-73.49829,41.65886],[-73.49486,41.66121],[-73.49365,41.66086],[-73.49189,41.65601],[-73.49032,41.65328],[-73.48469,41.64743],[-73.4854,41.64683],[-73.48681,41.64705],[-73.48815,41.64562],[-73.48974,41.64588],[-73.49013,41.64641],[-73.49088,41.64571],[-73.49411,41.64449],[-73.49629,41.6425],[-73.49604,41.64018],[-73.49676,41.63851],[-73.49781,41.63815],[-73.48853,41.61741],[-73.47979,41.6008],[-73.46897,41.57749],[-73.45516,41.5472],[-73.45402,41.54269],[-73.45037,41.53468],[-73.50001,41.52506],[-73.53071,41.51996],[-73.52769,41.54995],[-73.52599,41.57212],[-73.52104,41.61977],[-73.52002,41.6412],[-73.51808,41.66672],[-73.51602,41.66596],[-73.51038,41.6665],[-73.50692,41.6658]]]}},{"type":"Feature","properties":{"name":"Simsbury School District"},"geometry":{"type":"Polygon","coordinates":[[[-72.82643,41.91891],[-72.76815,41.91772],[-72.76785,41.9155],[-72.76709,41.91505],[-72.76504,41.91539],[-72.7649,41.91324],[-72.76219,41.91183],[-72.76155,41.91049],[-72.75893,41.90815],[-72.7586,41.9072],[-72.76505,41.90261],[-72.76694,41.89589],[-72.77139,41.88512],[-72.7704,41.88079],[-72.77454,41.8742],[-72.78444,41.8557],[-72.78516,41.84341],[-72.78427,41.83778],[-72.78349,41.83656],[-72.78444,41.83331],[-72.78334,41.82691],[-72.84125,41.82007],[-72.84335,41.81938],[-72.8702,41.81613],[-72.87302,41.83739],[-72.87664,41.9208],[-72.85495,41.9203],[-72.82643,41.91891]]]}},{"type":"Feature","properties":{"name":"Somers School District"},"geometry":{"type":"Polygon","coordinates":[[[-72.45829,42.03433],[-72.39743,42.03307],[-72.40351,41.98834],[-72.40706,41.95721],[-72.40675,41.95716],[-72.44733,41.95311],[-72.49273,41.9475],[-72.49893,41.97789],[-72.49973,41.9843],[-72.50923,42.03438],[-72.45829,42.03433]]]}},{"type":"Feature","properties":{"name":"South Windsor School District"},"geometry":{"type":"Polygon","coordinates":[[[-72.49681,41.86062],[-72.49873,41.85333],[-72.50543,41.8203],[-72.51669,41.81721],[-72.52488,41.81568],[-72.57959,41.80208],[-72.58359,41.80061],[-72.62779,41.79891],[-72.64413,41.7978],[-72.64382,41.80461],[-72.64569,41.8048],[-72.64564,41.80583],[-72.64425,41.81307],[-72.64039,41.82524],[-72.63893,41.82875],[-72.62993,41.8372],[-72.62561,41.84573],[-72.61926,41.8683],[-72.58256,41.86833],[-72.51733,41.8699],[-72.51833,41.8569],[-72.49681,41.86062]]]}},{"type":"Feature","properties":{"name":"Southington School District"},"geometry":{"type":"Polygon","coordinates":[[[-72.81419,41.64571],[-72.82333,41.63361],[-72.82404,41.63143],[-72.82524,41.62985],[-72.82525,41.62767],[-72.81799,41.62759],[-72.82225,41.62159],[-72.82023,41.62115],[-72.82056,41.6193],[-72.82281,41.61762],[-72.81936,41.6156],[-72.81833,41.60687],[-72.8202,41.6069],[-72.82346,41.60433],[-72.82408,41.5967],[-72.82646,41.58686],[-72.83387,41.58324],[-72.83653,41.58054],[-72.84024,41.5691],[-72.84854,41.56733],[-72.84574,41.5535],[-72.84515,41.54741],[-72.84428,41.54473],[-72.86781,41.54903],[-72.86823,41.55224],[-72.86929,41.55351],[-72.86951,41.55453],[-72.87192,41.55487],[-72.8719,41.557],[-72.87331,41.55649],[-72.87412,41.55932],[-72.87975,41.56245],[-72.87926,41.56315],[-72.88388,41.56381],[-72.94635,41.5568],[-72.9451,41.55969],[-72.94468,41.56286],[-72.93364,41.60779],[-72.9385,41.64431],[-72.9286,41.64545],[-72.92778,41.64073],[-72.92195,41.64114],[-72.92213,41.64285],[-72.92365,41.64434],[-72.92391,41.64549],[-72.82257,41.65571],[-72.82074,41.65572],[-72.81918,41.645],[-72.81419,41.64571]]]}},{"type":"Feature","properties":{"name":"Sprague School District"},"geometry":{"type":"Polygon","coordinates":[[[-72.11977,41.66183],[-72.03122,41.64724],[-72.03058,41.64537],[-72.03083,41.6435],[-72.03202,41.6419],[-72.0319,41.63952],[-72.03261,41.63668],[-72.03235,41.63494],[-72.04027,41.6293],[-72.04062,41.62837],[-72.04023,41.62336],[-72.03778,41.61881],[-72.03724,41.61621],[-72.03637,41.61533],[-72.03616,41.61285],[-72.03546,41.61169],[-72.03793,41.60644],[-72.04078,41.60414],[-72.04399,41.60041],[-72.04704,41.59517],[-72.04786,41.59482],[-72.05391,41.60338],[-72.05534,41.60464],[-72.06394,41.6083],[-72.10412,41.6008],[-72.11819,41.65364],[-72.11977,41.66183]]]}},{"type":"Feature","properties":{"name":"Stafford School District"},"geometry":{"type":"Polygon","coordinates":[[[-72.39743,42.03307],[-72.33881,42.03216],[-72.20508,42.03107],[-72.21489,42.0001],[-72.21642,41.99642],[-72.2349,41.95758],[-72.23679,41.95829],[-72.23685,41.94583],[-72.23633,41.94377],[-72.23671,41.93986],[-72.37772,41.94186],[-72.40723,41.9414],[-72.40675,41.95716],[-72.40706,41.95721],[-72.40203,42.0001],[-72.39743,42.03307]]]}},{"type":"Feature","properties":{"name":"Stamford School District"},"geometry":{"type":"MultiPolygon","coordinates":[[[[-73.54469,41.16522],[-73.54375,41.16366],[-73.54199,41.16313],[-73.54044,41.16028],[-73.53872,41.16005],[-73.53578,41.1578],[-73.53487,41.15572],[-73.53233,41.1546],[-73.53306,41.15396],[-73.53264,41.15323],[-73.53305,41.15197],[-73.53437,41.15148],[-73.53406,41.14982],[-73.5225,41.11889],[-73.52193,41.11486],[-73.52233,41.11455],[-73.50076,41.11441],[-73.50651,41.10956],[-73.50756,41.11013],[-73.50932,41.10973],[-73.51145,41.10762],[-73.5115,41.10578],[-73.50993,41.10531],[-73.50944,41.10481],[-73.50945,41.10384],[-73.50982,41.10286],[-73.51075,41.10247],[-73.51048,41.10174],[-73.51175,41.09955],[-73.51243,41.09935],[-73.51315,41.0971],[-73.51489,41.09442],[-73.51439,41.09156],[-73.51566,41.08934],[-73.51462,41.08873],[-73.5146,41.08771],[-73.51552,41.08568],[-73.51672,41.08508],[-73.51674,41.08432],[-73.51604,41.08359],[-73.51672,41.0828],[-73.51697,41.08117],[-73.51815,41.08027],[-73.51612,41.07566],[-73.51463,41.07477],[-73.51539,41.07434],[-73.51373,41.07306],[-73.51134,41.07268],[-73.51081,41.0711],[-73.51008,41.07083],[-73.50974,41.06985],[-73.51014,41.06719],[-73.5091,41.06574],[-73.50814,41.06208],[-73.50636,41.05859],[-73.50406,41.05629],[-73.50316,41.05399],[-73.50216,41.05349],[-73.50316,41.05289],[-73.50256,41.05009],[-73.50136,41.04969],[-73.50126,41.04909],[-73.49886,41.04819],[-73.49796,41.04829],[-73.49837,41.04769],[-73.49686,41.04719],[-73.49596,41.04749],[-73.49976,41.04569],[-73.50027,41.04419],[-73.49976,41.04279],[-73.50126,41.04329],[-73.50197,41.04289],[-73.50086,41.04139],[-73.50166,41.04109],[-73.50246,41.04249],[-73.50216,41.04659],[-73.50297,41.04679],[-73.50336,41.04399],[-73.50416,41.04409],[-73.50346,41.04289],[-73.50556,41.04169],[-73.50706,41.03779],[-73.50767,41.03739],[-73.50976,41.03809],[-73.50947,41.03889],[-73.50996,41.03949],[-73.51076,41.03829],[-73.51688,41.03876],[-73.52036,41.03779],[-73.52106,41.03849],[-73.52067,41.04009],[-73.51926,41.03909],[-73.51867,41.03979],[-73.51957,41.04109],[-73.52216,41.04209],[-73.52237,41.04149],[-73.52126,41.04059],[-73.52247,41.03819],[-73.52136,41.03759],[-73.52196,41.03659],[-73.52206,41.03249],[-73.52067,41.03069],[-73.51677,41.02949],[-73.52267,41.01929],[-73.52727,41.01859],[-73.52887,41.01639],[-73.52926,41.01649],[-73.52956,41.01869],[-73.53116,41.02189],[-73.53007,41.02379],[-73.53016,41.02879],[-73.53256,41.03159],[-73.53177,41.03259],[-73.53146,41.03399],[-73.53236,41.03269],[-73.53467,41.03229],[-73.53567,41.03279],[-73.53416,41.03499],[-73.53447,41.03319],[-73.53346,41.03329],[-73.53187,41.03579],[-73.53256,41.03719],[-73.53187,41.03769],[-73.53107,41.03629],[-73.52987,41.03619],[-73.53066,41.03679],[-73.53077,41.03749],[-73.53016,41.03749],[-73.53146,41.03799],[-73.53066,41.03839],[-73.53056,41.03919],[-73.52846,41.03907],[-73.52807,41.04019],[-73.52907,41.04099],[-73.53036,41.04479],[-73.52987,41.04559],[-73.53097,41.04539],[-73.53367,41.04789],[-73.53146,41.04539],[-73.53026,41.04229],[-73.53066,41.04019],[-73.53146,41.04009],[-73.53686,41.03559],[-73.53766,41.03439],[-73.53706,41.03209],[-73.53747,41.03139],[-73.53956,41.03449],[-73.53986,41.03579],[-73.54037,41.03469],[-73.54007,41.03239],[-73.54097,41.03229],[-73.54256,41.03599],[-73.54176,41.03689],[-73.54307,41.03699],[-73.54326,41.03979],[-73.54456,41.04219],[-73.54616,41.04199],[-73.54246,41.02919],[-73.54477,41.02519],[-73.54587,41.02659],[-73.54736,41.02619],[-73.54706,41.02239],[-73.54837,41.02239],[-73.55006,41.02499],[-73.54986,41.02539],[-73.54896,41.02539],[-73.55006,41.02679],[-73.54896,41.02729],[-73.54857,41.02689],[-73.54837,41.02759],[-73.54767,41.02789],[-73.54767,41.02829],[-73.54867,41.02849],[-73.54816,41.02939],[-73.54867,41.02929],[-73.5495,41.03094],[-73.54987,41.02857],[-73.55104,41.02815],[-73.55067,41.02549],[-73.55307,41.02346],[-73.55427,41.0242],[-73.55427,41.02549],[-73.55515,41.02515],[-73.55532,41.02564],[-73.55562,41.02836],[-73.56315,41.04023],[-73.56626,41.05219],[-73.56747,41.05488],[-73.56834,41.05968],[-73.58757,41.0846],[-73.59648,41.0954],[-73.60705,41.10961],[-73.61292,41.1164],[-73.63393,41.14399],[-73.55478,41.17991],[-73.55362,41.17928],[-73.55227,41.17608],[-73.55305,41.17417],[-73.54469,41.16522]]],[[[-73.53937,41.02539],[-73.53976,41.02499],[-73.54056,41.02609],[-73.53927,41.02739],[-73.53937,41.02539]]],[[[-73.53537,41.03009],[-73.53557,41.02969],[-73.53606,41.03009],[-73.53586,41.03049],[-73.53537,41.03009]]],[[[-73.50466,41.03379],[-73.50526,41.03369],[-73.50516,41.03419],[-73.50466,41.03379]]],[[[-73.50896,41.03519],[-73.50947,41.03429],[-73.51037,41.03519],[-73.50896,41.03519]]],[[[-73.50716,41.03689],[-73.50483,41.03646],[-73.50449,41.03537],[-73.50577,41.03543],[-73.50716,41.03689]]],[[[-73.49585,41.04858],[-73.49637,41.04849],[-73.49606,41.04878],[-73.49585,41.04858]]]]}},{"type":"Feature","properties":{"name":"Sterling School District"},"geometry":{"type":"Polygon","coordinates":[[[-71.79125,41.7745],[-71.78724,41.65611],[-71.78766,41.63992],[-71.85792,41.64423],[-71.8387,41.76883],[-71.79125,41.7745]]]}},{"type":"Feature","properties":{"name":"Stonington School District"},"geometry":{"type":"MultiPolygon","coordinates":[[[[-71.94327,41.43365],[-71.84495,41.40885],[-71.84249,41.40871],[-71.84235,41.40808],[-71.84359,41.40533],[-71.84326,41.40446],[-71.84155,41.40305],[-71.84107,41.39966],[-71.84224,41.39688],[-71.84221,41.39538],[-71.83875,41.39105],[-71.83456,41.38918],[-71.83265,41.38716],[-71.83353,41.38226],[-71.83064,41.37877],[-71.83286,41.37601],[-71.8329,41.37463],[-71.83202,41.37226],[-71.83217,41.37009],[-71.83812,41.3656],[-71.83854,41.36158],[-71.83987,41.35961],[-71.83923,41.35673],[-71.83702,41.35348],[-71.83695,41.35157],[-71.8362,41.3509],[-71.83507,41.35154],[-71.83411,41.35136],[-71.83219,41.35028],[-71.83328,41.34857],[-71.83325,41.34782],[-71.83219,41.34731],[-71.83173,41.34645],[-71.83021,41.34606],[-71.83128,41.34487],[-71.83143,41.34359],[-71.83083,41.34258],[-71.83201,41.34262],[-71.83352,41.34006],[-71.83476,41.33915],[-71.8358,41.33903],[-71.83798,41.33604],[-71.84001,41.33455],[-71.84429,41.33313],[-71.84456,41.33144],[-71.84701,41.33105],[-71.84853,41.33023],[-71.85029,41.33014],[-71.85117,41.32902],[-71.85248,41.33027],[-71.85296,41.32963],[-71.85345,41.32661],[-71.85751,41.32492],[-71.85763,41.32378],[-71.85941,41.32257],[-71.86114,41.32309],[-71.86258,41.32956],[-71.8623,41.33173],[-71.86364,41.33102],[-71.86336,41.32951],[-71.86369,41.32789],[-71.8653,41.32784],[-71.86467,41.32887],[-71.86561,41.33047],[-71.86688,41.32995],[-71.86773,41.32803],[-71.86809,41.32853],[-71.86961,41.32828],[-71.86986,41.32938],[-71.86834,41.33074],[-71.86816,41.33148],[-71.86597,41.33232],[-71.86688,41.33342],[-71.86321,41.33338],[-71.86285,41.33466],[-71.86422,41.33436],[-71.86479,41.3355],[-71.86671,41.33571],[-71.86771,41.33559],[-71.8671,41.33484],[-71.86901,41.33443],[-71.86944,41.3358],[-71.87138,41.33575],[-71.87162,41.33632],[-71.87089,41.33733],[-71.86841,41.33829],[-71.8748,41.33808],[-71.87588,41.33632],[-71.87668,41.33609],[-71.87709,41.33659],[-71.87831,41.33619],[-71.8791,41.33773],[-71.88061,41.33848],[-71.87979,41.33945],[-71.88055,41.3409],[-71.88051,41.34415],[-71.88112,41.34593],[-71.88254,41.34553],[-71.88153,41.34667],[-71.88142,41.3498],[-71.88208,41.35013],[-71.87936,41.35759],[-71.87731,41.35999],[-71.87962,41.35833],[-71.88087,41.35527],[-71.88194,41.35543],[-71.88132,41.35458],[-71.88336,41.35145],[-71.88814,41.34966],[-71.89021,41.35039],[-71.89032,41.34984],[-71.88852,41.34919],[-71.88412,41.35059],[-71.88332,41.34896],[-71.88443,41.34724],[-71.88431,41.34591],[-71.8856,41.34405],[-71.88321,41.3455],[-71.88281,41.34509],[-71.88742,41.34112],[-71.88882,41.34083],[-71.88802,41.34164],[-71.88939,41.34076],[-71.8876,41.33913],[-71.88658,41.33986],[-71.88599,41.33915],[-71.88617,41.33631],[-71.88724,41.33566],[-71.8876,41.33459],[-71.88823,41.33454],[-71.88834,41.33527],[-71.88914,41.33569],[-71.89079,41.33459],[-71.8907,41.33389],[-71.89328,41.33375],[-71.89127,41.33508],[-71.88916,41.33729],[-71.88838,41.33638],[-71.88774,41.33855],[-71.88975,41.34049],[-71.89043,41.34013],[-71.89004,41.33943],[-71.89061,41.33876],[-71.89085,41.33961],[-71.8927,41.3384],[-71.89343,41.33571],[-71.89535,41.33419],[-71.89757,41.33394],[-71.89801,41.3351],[-71.89923,41.33433],[-71.89961,41.33491],[-71.90176,41.33478],[-71.90315,41.3333],[-71.90295,41.33248],[-71.90492,41.33166],[-71.90509,41.331],[-71.90437,41.3306],[-71.90413,41.32982],[-71.90526,41.32724],[-71.90718,41.32995],[-71.90929,41.33048],[-71.90771,41.33029],[-71.90794,41.33171],[-71.90726,41.33186],[-71.90781,41.33209],[-71.90706,41.33249],[-71.90797,41.33303],[-71.90744,41.33328],[-71.90871,41.33377],[-71.90834,41.33405],[-71.9089,41.33397],[-71.909,41.33461],[-71.91045,41.3344],[-71.9089,41.33499],[-71.91136,41.33535],[-71.91005,41.3356],[-71.90855,41.33781],[-71.90906,41.3381],[-71.90768,41.339],[-71.91153,41.34143],[-71.91101,41.34192],[-71.90915,41.34186],[-71.90871,41.34363],[-71.91492,41.34492],[-71.91292,41.34548],[-71.91281,41.34647],[-71.91345,41.34737],[-71.91302,41.34788],[-71.91348,41.34856],[-71.91611,41.3472],[-71.91721,41.34779],[-71.91774,41.34585],[-71.91957,41.34573],[-71.92015,41.34713],[-71.92103,41.34673],[-71.9211,41.3461],[-71.92032,41.34563],[-71.92021,41.34481],[-71.92224,41.34267],[-71.91962,41.34318],[-71.9147,41.34254],[-71.91644,41.34164],[-71.91733,41.34035],[-71.91673,41.33916],[-71.91632,41.3343],[-71.91667,41.33222],[-71.91801,41.33047],[-71.92062,41.32893],[-71.92108,41.32786],[-71.92169,41.32828],[-71.92175,41.33165],[-71.92296,41.33163],[-71.9243,41.33005],[-71.92543,41.33131],[-71.92279,41.33332],[-71.92212,41.33462],[-71.92268,41.33385],[-71.92343,41.33498],[-71.92346,41.3333],[-71.92566,41.3342],[-71.92647,41.33356],[-71.92766,41.33381],[-71.92834,41.33278],[-71.92976,41.33283],[-71.92966,41.33512],[-71.9312,41.33592],[-71.93179,41.33577],[-71.93294,41.33405],[-71.93368,41.33525],[-71.93304,41.33669],[-71.93729,41.33797],[-71.9363,41.33829],[-71.93597,41.33933],[-71.93461,41.33987],[-71.9348,41.341],[-71.93522,41.34009],[-71.93647,41.34025],[-71.93571,41.34211],[-71.93671,41.34249],[-71.9356,41.34251],[-71.93525,41.34336],[-71.93607,41.3435],[-71.93612,41.34389],[-71.93549,41.34414],[-71.9348,41.34363],[-71.93551,41.34499],[-71.93517,41.34542],[-71.93432,41.3451],[-71.93398,41.34555],[-71.9342,41.34757],[-71.93558,41.34776],[-71.93488,41.34846],[-71.93587,41.34936],[-71.93552,41.35021],[-71.93464,41.35033],[-71.93548,41.35074],[-71.93549,41.352],[-71.93662,41.35368],[-71.93612,41.35416],[-71.93751,41.35397],[-71.93732,41.35549],[-71.93868,41.35413],[-71.9365,41.35174],[-71.93653,41.35075],[-71.93738,41.34942],[-71.93655,41.34746],[-71.93757,41.3459],[-71.93729,41.3438],[-71.93771,41.34264],[-71.93712,41.34229],[-71.93977,41.34063],[-71.93909,41.34061],[-71.93774,41.33945],[-71.93792,41.33784],[-71.94042,41.33705],[-71.94234,41.33718],[-71.94652,41.33549],[-71.94691,41.33607],[-71.94672,41.33779],[-71.94561,41.33792],[-71.94588,41.33894],[-71.94681,41.33959],[-71.94808,41.33826],[-71.94837,41.33639],[-71.94948,41.33441],[-71.95052,41.33349],[-71.95232,41.33332],[-71.95315,41.33258],[-71.95403,41.33312],[-71.95371,41.33519],[-71.95229,41.33572],[-71.95135,41.33656],[-71.95174,41.33699],[-71.94981,41.33806],[-71.95103,41.33966],[-71.95216,41.3402],[-71.95181,41.34189],[-71.95289,41.3413],[-71.95298,41.33938],[-71.95392,41.33839],[-71.95479,41.3391],[-71.95402,41.34062],[-71.95534,41.34098],[-71.956,41.33961],[-71.9573,41.33913],[-71.95693,41.33814],[-71.95782,41.33688],[-71.95847,41.33818],[-71.95972,41.33877],[-71.95962,41.33999],[-71.9616,41.34016],[-71.9612,41.339],[-71.96165,41.33865],[-71.96261,41.339],[-71.96325,41.33843],[-71.96273,41.33788],[-71.96229,41.33491],[-71.96271,41.33402],[-71.96217,41.33377],[-71.96339,41.33183],[-71.96332,41.32999],[-71.96432,41.32769],[-71.96433,41.3272],[-71.96342,41.32706],[-71.96336,41.32604],[-71.9643,41.32509],[-71.96392,41.32459],[-71.96461,41.32429],[-71.96537,41.32511],[-71.96488,41.32637],[-71.96577,41.32593],[-71.96653,41.32464],[-71.96763,41.32434],[-71.96786,41.32308],[-71.96859,41.32266],[-71.96944,41.32085],[-71.96996,41.32107],[-71.96958,41.32261],[-71.97056,41.32329],[-71.96979,41.32481],[-71.97072,41.32549],[-71.97028,41.32603],[-71.971,41.32675],[-71.97001,41.32833],[-71.97102,41.32854],[-71.97217,41.328],[-71.97285,41.32703],[-71.97423,41.32692],[-71.97365,41.32815],[-71.97419,41.32815],[-71.97428,41.32916],[-71.9721,41.32934],[-71.97126,41.33259],[-71.96949,41.33272],[-71.96882,41.33379],[-71.96941,41.33311],[-71.97131,41.33299],[-71.97221,41.33167],[-71.97341,41.33094],[-71.9741,41.33117],[-71.97544,41.32864],[-71.97642,41.32829],[-71.97811,41.32875],[-71.97817,41.32939],[-71.97703,41.32902],[-71.97604,41.33052],[-71.97422,41.33149],[-71.97408,41.33244],[-71.97477,41.33369],[-71.97404,41.3336],[-71.97225,41.33447],[-71.97303,41.33514],[-71.97306,41.33585],[-71.97236,41.33758],[-71.97402,41.338],[-71.97298,41.33871],[-71.9732,41.33944],[-71.97221,41.34168],[-71.97057,41.33928],[-71.9697,41.34025],[-71.96978,41.34093],[-71.96885,41.34141],[-71.96661,41.34018],[-71.96519,41.34056],[-71.96271,41.34289],[-71.96032,41.34169],[-71.96186,41.34058],[-71.95952,41.34029],[-71.95842,41.34359],[-71.95942,41.34329],[-71.96042,41.34619],[-71.95932,41.34759],[-71.95982,41.34819],[-71.95952,41.34849],[-71.96062,41.34939],[-71.96181,41.34989],[-71.96181,41.34759],[-71.96392,41.34769],[-71.96592,41.34599],[-71.96761,41.34659],[-71.96841,41.34739],[-71.96831,41.34799],[-71.96802,41.34719],[-71.96602,41.34729],[-71.96542,41.34919],[-71.96712,41.34989],[-71.97052,41.3492],[-71.97112,41.35137],[-71.97027,41.35209],[-71.96707,41.35806],[-71.96771,41.36119],[-71.96692,41.36567],[-71.96732,41.36974],[-71.96549,41.37414],[-71.96453,41.37507],[-71.96353,41.37911],[-71.96422,41.38259],[-71.96122,41.38678],[-71.96019,41.38661],[-71.95863,41.38812],[-71.96064,41.39005],[-71.96045,41.39253],[-71.96091,41.39311],[-71.9608,41.39486],[-71.95868,41.39786],[-71.96129,41.3979],[-71.96304,41.40022],[-71.962,41.40119],[-71.96254,41.40177],[-71.96266,41.40423],[-71.96367,41.40702],[-71.96306,41.40921],[-71.96242,41.40994],[-71.96296,41.4108],[-71.96282,41.41145],[-71.96101,41.41252],[-71.95811,41.41278],[-71.95687,41.41384],[-71.95646,41.41566],[-71.95362,41.41845],[-71.95356,41.42005],[-71.95259,41.42057],[-71.95214,41.42139],[-71.9525,41.42208],[-71.95077,41.42452],[-71.94591,41.42798],[-71.94324,41.42907],[-71.9428,41.4302],[-71.94336,41.43128],[-71.94327,41.43365]]],[[[-71.9784,41.31184],[-71.97709,41.31206],[-71.97599,41.31163],[-71.97797,41.31065],[-71.97958,41.31084],[-71.97988,41.31143],[-71.97942,41.31209],[-71.98,41.3134],[-71.97784,41.31621],[-71.97695,41.3165],[-71.97663,41.31592],[-71.97694,41.31525],[-71.97884,41.31353],[-71.9784,41.31184]]],[[[-71.97619,41.31683],[-71.97687,41.31702],[-71.9766,41.31797],[-71.97629,41.31802],[-71.97619,41.31683]]],[[[-71.97552,41.31769],[-71.97512,41.31799],[-71.97506,41.31786],[-71.97552,41.31769]]],[[[-71.96422,41.32399],[-71.96229,41.32377],[-71.96189,41.32224],[-71.96314,41.32088],[-71.96422,41.32149],[-71.96377,41.3233],[-71.96422,41.32399]]],[[[-71.89151,41.33012],[-71.89073,41.32952],[-71.89198,41.33006],[-71.89151,41.33012]]],[[[-71.89673,41.33143],[-71.89207,41.33005],[-71.89296,41.32774],[-71.89583,41.32911],[-71.89717,41.33069],[-71.89673,41.33143]]],[[[-71.95344,41.33146],[-71.95357,41.33059],[-71.95467,41.33108],[-71.95478,41.33077],[-71.95429,41.33031],[-71.95457,41.3294],[-71.95339,41.32942],[-71.95331,41.32889],[-71.95475,41.32735],[-71.95559,41.32724],[-71.95566,41.32937],[-71.95504,41.3312],[-71.95344,41.33146]]],[[[-71.94627,41.33114],[-71.94707,41.33073],[-71.94704,41.33163],[-71.94627,41.33114]]],[[[-71.95507,41.33167],[-71.95582,41.3316],[-71.95711,41.33021],[-71.95779,41.3307],[-71.95826,41.33304],[-71.95731,41.33425],[-71.95567,41.33488],[-71.95482,41.33439],[-71.95505,41.33276],[-71.95562,41.33206],[-71.95507,41.33167]]]]}},{"type":"Feature","properties":{"name":"Stratford School District"},"geometry":{"type":"MultiPolygon","coordinates":[[[[-73.10661,41.26378],[-73.10411,41.26316],[-73.10295,41.26164],[-73.10297,41.25951],[-73.09883,41.25937],[-73.09715,41.25888],[-73.09526,41.25805],[-73.09525,41.25689],[-73.09465,41.25619],[-73.09145,41.25679],[-73.08985,41.25569],[-73.09005,41.25479],[-73.08885,41.25439],[-73.08865,41.25259],[-73.09105,41.24779],[-73.09245,41.24639],[-73.09915,41.24229],[-73.10525,41.23929],[-73.11385,41.22529],[-73.11405,41.22289],[-73.11565,41.21779],[-73.11425,41.21589],[-73.11485,41.21829],[-73.11385,41.22129],[-73.11245,41.21829],[-73.11195,41.21449],[-73.11265,41.21479],[-73.11155,41.2129],[-73.11265,41.20799],[-73.11095,41.20499],[-73.11145,41.20049],[-73.11375,41.19799],[-73.11585,41.19679],[-73.12286,41.18769],[-73.12265,41.18599],[-73.12415,41.18149],[-73.12555,41.18129],[-73.12435,41.18099],[-73.12415,41.17769],[-73.12476,41.17769],[-73.12096,41.17539],[-73.12415,41.17689],[-73.12625,41.17319],[-73.12445,41.17309],[-73.12215,41.17199],[-73.11935,41.17359],[-73.12075,41.17169],[-73.11626,41.17209],[-73.11455,41.17139],[-73.11385,41.17019],[-73.11175,41.16899],[-73.11305,41.16919],[-73.11245,41.16869],[-73.11075,41.16819],[-73.10895,41.16689],[-73.11035,41.16619],[-73.10865,41.16399],[-73.11035,41.15969],[-73.10995,41.15699],[-73.10645,41.15539],[-73.10475,41.15509],[-73.10335,41.15549],[-73.10135,41.15459],[-73.10135,41.15379],[-73.10295,41.15139],[-73.10465,41.15109],[-73.10505,41.15199],[-73.10835,41.15219],[-73.11105,41.15079],[-73.11785,41.15119],[-73.12065,41.14959],[-73.12635,41.14849],[-73.13026,41.14679],[-73.13695,41.14859],[-73.14005,41.14889],[-73.13966,41.14939],[-73.14005,41.14969],[-73.14485,41.15179],[-73.14965,41.15269],[-73.15115,41.15379],[-73.15435,41.15419],[-73.15456,41.15469],[-73.16441,41.15802],[-73.16336,41.16089],[-73.15895,41.15799],[-73.15835,41.15739],[-73.15855,41.15699],[-73.15515,41.15549],[-73.14865,41.15359],[-73.14765,41.15449],[-73.14685,41.15339],[-73.14275,41.15179],[-73.13985,41.15009],[-73.14085,41.15089],[-73.14105,41.15219],[-73.14025,41.15299],[-73.13885,41.15239],[-73.13725,41.15369],[-73.13596,41.15279],[-73.13595,41.15379],[-73.13686,41.15439],[-73.13455,41.15589],[-73.13505,41.15629],[-73.13665,41.15599],[-73.13895,41.15479],[-73.14075,41.15509],[-73.14065,41.15629],[-73.14146,41.15549],[-73.14265,41.15569],[-73.14185,41.15599],[-73.14246,41.15689],[-73.14005,41.15739],[-73.14025,41.15809],[-73.14095,41.15839],[-73.14005,41.15929],[-73.14005,41.16019],[-73.14255,41.15869],[-73.14365,41.16079],[-73.14435,41.15979],[-73.14315,41.15889],[-73.14385,41.15779],[-73.14535,41.15689],[-73.14675,41.15689],[-73.14755,41.15539],[-73.14865,41.15579],[-73.14685,41.15839],[-73.14796,41.15939],[-73.14775,41.15819],[-73.14935,41.15589],[-73.15135,41.15639],[-73.15135,41.15679],[-73.15405,41.15669],[-73.15875,41.16069],[-73.15835,41.16199],[-73.16016,41.16159],[-73.16278,41.1627],[-73.16226,41.16428],[-73.15986,41.16609],[-73.16136,41.16658],[-73.15875,41.17366],[-73.15931,41.17376],[-73.15542,41.17797],[-73.15422,41.18313],[-73.15513,41.18673],[-73.15482,41.18886],[-73.15518,41.19025],[-73.15481,41.19165],[-73.15377,41.19272],[-73.15467,41.19339],[-73.15445,41.1948],[-73.16283,41.22023],[-73.16109,41.22457],[-73.16031,41.22557],[-73.15908,41.22593],[-73.15747,41.22864],[-73.15389,41.22999],[-73.15426,41.23054],[-73.15062,41.23228],[-73.14674,41.23683],[-73.14065,41.23799],[-73.14318,41.24122],[-73.14333,41.24503],[-73.14523,41.24985],[-73.14542,41.25412],[-73.14688,41.25537],[-73.1439,41.25716],[-73.10829,41.26858],[-73.10592,41.26681],[-73.10723,41.26497],[-73.10726,41.26437],[-73.10661,41.26378]]],[[[-73.14336,41.15309],[-73.14285,41.15239],[-73.14535,41.15349],[-73.14336,41.15309]]],[[[-73.11595,41.19499],[-73.11695,41.19349],[-73.11745,41.19379],[-73.11595,41.19499]]],[[[-73.10925,41.21719],[-73.11035,41.21609],[-73.11175,41.21939],[-73.11135,41.22269],[-73.10945,41.22009],[-73.10925,41.21719]]]]}},{"type":"Feature","properties":{"name":"Suffield School District"},"geometry":{"type":"Polygon","coordinates":[[[-72.60798,42.03108],[-72.6049,42.01191],[-72.60753,41.9993],[-72.60358,41.98977],[-72.60703,41.9738],[-72.60953,41.9649],[-72.61163,41.96079],[-72.6131,41.94697],[-72.61395,41.94354],[-72.71617,41.9498],[-72.71184,41.96082],[-72.70762,41.97335],[-72.71772,41.97604],[-72.77841,41.98944],[-72.77469,42.00239],[-72.76673,42.00327],[-72.76625,42.00787],[-72.7615,42.0093],[-72.76139,42.00988],[-72.76307,42.01198],[-72.76307,42.01328],[-72.761,42.0147],[-72.76062,42.01569],[-72.7597,42.01511],[-72.75895,42.01547],[-72.76,42.01636],[-72.76007,42.01732],[-72.76073,42.0171],[-72.76202,42.0177],[-72.76295,42.01968],[-72.76463,42.01995],[-72.76581,42.01957],[-72.76446,42.02098],[-72.76534,42.02208],[-72.76501,42.02243],[-72.76395,42.02192],[-72.76349,42.02118],[-72.76115,42.02273],[-72.75943,42.02216],[-72.75903,42.02098],[-72.75757,42.02089],[-72.75675,42.0216],[-72.75578,42.02473],[-72.7526,42.02824],[-72.7519,42.02982],[-72.75255,42.03125],[-72.75348,42.03196],[-72.7573,42.03338],[-72.75605,42.03494],[-72.75589,42.03635],[-72.69933,42.03696],[-72.67303,42.0352],[-72.64019,42.03205],[-72.60798,42.03108]]]}},{"type":"Feature","properties":{"name":"Thomaston School District"},"geometry":{"type":"Polygon","coordinates":[[[-73.05036,41.60975],[-73.05876,41.60667],[-73.05834,41.60738],[-73.05842,41.61433],[-73.0579,41.6162],[-73.05912,41.61978],[-73.06006,41.62038],[-73.06312,41.6209],[-73.06725,41.62397],[-73.0687,41.62672],[-73.06968,41.62678],[-73.07066,41.62801],[-73.0777,41.63126],[-73.07797,41.63184],[-73.07731,41.63387],[-73.08024,41.64025],[-73.07986,41.64147],[-73.08085,41.64221],[-73.08133,41.64527],[-73.0811,41.64765],[-73.08268,41.64761],[-73.08849,41.64983],[-73.08856,41.65076],[-73.0897,41.65048],[-73.09307,41.6516],[-73.09284,41.65252],[-73.09377,41.65255],[-73.09492,41.65483],[-73.1036,41.65734],[-73.10381,41.65793],[-73.10558,41.65796],[-73.10616,41.65708],[-73.10732,41.6566],[-73.10867,41.65698],[-73.10923,41.65803],[-73.11402,41.6568],[-73.11445,41.65813],[-73.11399,41.66031],[-73.11353,41.66068],[-73.11375,41.66107],[-73.11853,41.66173],[-73.1219,41.66036],[-73.12356,41.66329],[-73.12568,41.66425],[-73.12934,41.66363],[-73.13165,41.66167],[-73.13387,41.66431],[-73.1342,41.66559],[-73.13571,41.66598],[-73.13844,41.66861],[-73.1393,41.66851],[-73.14153,41.67271],[-73.13472,41.67556],[-73.09541,41.69448],[-73.0837,41.69927],[-73.06857,41.70703],[-73.05526,41.70816],[-73.05572,41.70289],[-73.05897,41.6827],[-73.06079,41.6743],[-73.0602,41.67428],[-73.06117,41.6652],[-73.06482,41.64104],[-73.05036,41.60975]]]}},{"type":"Feature","properties":{"name":"Thompson School District"},"geometry":{"type":"Polygon","coordinates":[[[-71.88395,42.02439],[-71.80067,42.02351],[-71.79919,42.00805],[-71.79789,41.93236],[-71.93179,41.93157],[-71.95352,42.0001],[-71.96302,42.02622],[-71.88395,42.02439]]]}},{"type":"Feature","properties":{"name":"Tolland School District"},"geometry":{"type":"Polygon","coordinates":[[[-72.30974,41.83777],[-72.37608,41.82996],[-72.42153,41.8255],[-72.42878,41.88127],[-72.42962,41.8919],[-72.42933,41.8939],[-72.43131,41.91505],[-72.3069,41.92963],[-72.30665,41.92663],[-72.30517,41.92527],[-72.3052,41.92421],[-72.30325,41.92286],[-72.30172,41.92055],[-72.29952,41.91981],[-72.2988,41.9191],[-72.29756,41.91646],[-72.29766,41.91449],[-72.29682,41.91109],[-72.29406,41.90922],[-72.29335,41.90716],[-72.29118,41.90631],[-72.29083,41.90498],[-72.29267,41.90021],[-72.29087,41.89733],[-72.29304,41.89559],[-72.29922,41.89399],[-72.30206,41.89224],[-72.30308,41.89018],[-72.30307,41.88924],[-72.29906,41.88886],[-72.29818,41.88784],[-72.30125,41.88688],[-72.3026,41.88387],[-72.30425,41.88336],[-72.3047,41.88246],[-72.30574,41.88337],[-72.30668,41.88286],[-72.30702,41.88218],[-72.30645,41.88098],[-72.30893,41.8784],[-72.30816,41.875],[-72.31188,41.87365],[-72.31186,41.87221],[-72.31027,41.87063],[-72.31063,41.86922],[-72.31018,41.86776],[-72.30792,41.86494],[-72.30799,41.86333],[-72.30651,41.86094],[-72.30718,41.85611],[-72.30377,41.85332],[-72.30436,41.85239],[-72.30419,41.85063],[-72.30655,41.85032],[-72.30968,41.84794],[-72.30981,41.84683],[-72.30891,41.84486],[-72.30958,41.84337],[-72.3088,41.84017],[-72.30974,41.83777]]]}},{"type":"Feature","properties":{"name":"Torrington School District"},"geometry":{"type":"Polygon","coordinates":[[[-73.05353,41.88732],[-73.05977,41.86347],[-73.06767,41.83038],[-73.07337,41.80889],[-73.07668,41.79845],[-73.10409,41.79839],[-73.10368,41.79508],[-73.11028,41.78791],[-73.11209,41.78494],[-73.11247,41.78222],[-73.11715,41.78137],[-73.1183,41.77728],[-73.11977,41.77564],[-73.12212,41.77659],[-73.15859,41.78476],[-73.16318,41.79399],[-73.20184,41.79001],[-73.17066,41.89428],[-73.16156,41.89329],[-73.15818,41.89222],[-73.15319,41.88736],[-73.15328,41.88569],[-73.15159,41.88556],[-73.15191,41.88369],[-73.15153,41.88172],[-73.15282,41.87711],[-73.15316,41.87263],[-73.10361,41.87952],[-73.05353,41.88732]]]}},{"type":"Feature","properties":{"name":"Trumbull School District"},"geometry":{"type":"Polygon","coordinates":[[[-73.14688,41.25537],[-73.14542,41.25412],[-73.14523,41.24985],[-73.14333,41.24503],[-73.14318,41.24122],[-73.14065,41.23799],[-73.14674,41.23683],[-73.15047,41.2324],[-73.15426,41.23054],[-73.15389,41.22999],[-73.16468,41.22565],[-73.16955,41.22276],[-73.17726,41.22234],[-73.18088,41.22182],[-73.18328,41.2207],[-73.18727,41.22053],[-73.1872,41.22102],[-73.18926,41.22197],[-73.19075,41.22418],[-73.18318,41.2237],[-73.18451,41.22594],[-73.18139,41.22709],[-73.18831,41.22754],[-73.19041,41.2261],[-73.19086,41.22503],[-73.1964,41.22772],[-73.20107,41.2283],[-73.20149,41.22962],[-73.20461,41.22899],[-73.20545,41.22817],[-73.20729,41.22775],[-73.21244,41.22847],[-73.22292,41.2275],[-73.24417,41.22659],[-73.24858,41.232],[-73.24539,41.23292],[-73.2361,41.23843],[-73.24103,41.24482],[-73.24383,41.24749],[-73.27069,41.27929],[-73.27117,41.27929],[-73.27177,41.28064],[-73.27449,41.28389],[-73.27522,41.29182],[-73.27437,41.29381],[-73.27237,41.2941],[-73.25783,41.2954],[-73.24215,41.29593],[-73.23072,41.29742],[-73.2048,41.29936],[-73.20069,41.29472],[-73.19859,41.29338],[-73.18,41.27483],[-73.17864,41.27264],[-73.17391,41.26862],[-73.15527,41.26909],[-73.14688,41.25537]]]}},{"type":"Feature","properties":{"name":"Union School District"},"geometry":{"type":"Polygon","coordinates":[[[-72.20508,42.03107],[-72.14315,42.03052],[-72.10217,42.02887],[-72.09923,41.95895],[-72.19552,41.95936],[-72.2349,41.95758],[-72.22982,41.96756],[-72.21489,42.0001],[-72.20508,42.03107]]]}},{"type":"Feature","properties":{"name":"Vernon School District"},"geometry":{"type":"Polygon","coordinates":[[[-72.42503,41.8544],[-72.41889,41.80656],[-72.45514,41.80145],[-72.47347,41.79826],[-72.47603,41.813],[-72.50753,41.8097],[-72.49873,41.85333],[-72.49554,41.86599],[-72.42802,41.8746],[-72.42503,41.8544]]]}},{"type":"Feature","properties":{"name":"Voluntown School District"},"geometry":{"type":"Polygon","coordinates":[[[-71.78766,41.63992],[-71.79316,41.5057],[-71.86341,41.51493],[-71.87384,41.57034],[-71.87497,41.57889],[-71.87545,41.5794],[-71.88322,41.6251],[-71.88442,41.6412],[-71.85792,41.64423],[-71.78766,41.63992]]]}},{"type":"Feature","properties":{"name":"Wallingford School District"},"geometry":{"type":"Polygon","coordinates":[[[-72.74478,41.49818],[-72.74333,41.48311],[-72.73389,41.48537],[-72.73657,41.46448],[-72.73912,41.43829],[-72.74614,41.4233],[-72.77523,41.41382],[-72.79863,41.40513],[-72.82761,41.39664],[-72.82696,41.41949],[-72.8274,41.42438],[-72.82964,41.42418],[-72.83045,41.42467],[-72.83103,41.42399],[-72.83418,41.4242],[-72.83479,41.42533],[-72.83848,41.42726],[-72.83967,41.42702],[-72.84011,41.4264],[-72.84092,41.42672],[-72.84123,41.42624],[-72.8427,41.42647],[-72.8442,41.42603],[-72.84419,41.42696],[-72.84597,41.42714],[-72.84683,41.42668],[-72.84762,41.4272],[-72.84802,41.42611],[-72.84821,41.42745],[-72.84964,41.42872],[-72.8509,41.432],[-72.85009,41.43397],[-72.88667,41.44796],[-72.87985,41.45607],[-72.87813,41.45752],[-72.87664,41.45968],[-72.87738,41.46118],[-72.8527,41.49435],[-72.85327,41.49456],[-72.84633,41.50276],[-72.84861,41.50985],[-72.84957,41.51459],[-72.8503,41.51573],[-72.79608,41.50476],[-72.77265,41.49675],[-72.74478,41.49818]]]}},{"type":"Feature","properties":{"name":"Waterbury School District"},"geometry":{"type":"Polygon","coordinates":[[[-73.01865,41.6141],[-73.01206,41.58382],[-72.97985,41.55335],[-72.96807,41.55387],[-72.95679,41.5553],[-72.96856,41.53131],[-72.96936,41.53023],[-72.97831,41.53393],[-73.00508,41.52369],[-73.01131,41.52216],[-73.0189,41.51945],[-73.04755,41.5152],[-73.07011,41.5143],[-73.07227,41.5183],[-73.0802,41.52596],[-73.08683,41.53721],[-73.08973,41.54777],[-73.09385,41.5702],[-73.09235,41.5705],[-73.08298,41.58557],[-73.0804,41.58671],[-73.0782,41.58615],[-73.07759,41.5875],[-73.05801,41.58865],[-73.05742,41.58932],[-73.05946,41.59161],[-73.06039,41.59466],[-73.06017,41.59663],[-73.0607,41.60081],[-73.05895,41.60272],[-73.0597,41.60564],[-73.05947,41.60618],[-73.03616,41.6152],[-73.01865,41.6141]]]}},{"type":"Feature","properties":{"name":"Waterford School District"},"geometry":{"type":"MultiPolygon","coordinates":[[[[-72.10222,41.42579],[-72.10062,41.42499],[-72.10012,41.42539],[-72.09852,41.42369],[-72.09762,41.42359],[-72.09722,41.41939],[-72.09782,41.41739],[-72.09742,41.41719],[-72.09782,41.41699],[-72.09772,41.41589],[-72.09712,41.41579],[-72.09682,41.41319],[-72.09782,41.41139],[-72.09882,41.41109],[-72.09842,41.40869],[-72.09872,41.40789],[-72.09832,41.40729],[-72.09842,41.40399],[-72.09902,41.40159],[-72.09852,41.40099],[-72.09942,41.40069],[-72.10222,41.39769],[-72.10122,41.39659],[-72.10252,41.39479],[-72.10122,41.39109],[-72.10122,41.39219],[-72.10022,41.39459],[-72.09592,41.39169],[-72.09582,41.39019],[-72.09762,41.39079],[-72.09852,41.38949],[-72.10032,41.39019],[-72.10102,41.38979],[-72.10073,41.38939],[-72.10132,41.38949],[-72.10212,41.38849],[-72.10057,41.3892],[-72.09752,41.38769],[-72.09868,41.38542],[-72.10979,41.38294],[-72.12233,41.37062],[-72.12792,41.36573],[-72.12832,41.36531],[-72.12853,41.35763],[-72.11345,41.3436],[-72.10902,41.33209],[-72.10849,41.33042],[-72.10864,41.32856],[-72.10508,41.32183],[-72.10523,41.32022],[-72.10432,41.31936],[-72.10168,41.31456],[-72.10442,41.31719],[-72.10612,41.31999],[-72.10612,41.32079],[-72.10682,41.32009],[-72.10592,41.31809],[-72.10462,41.31709],[-72.10232,41.31279],[-72.10152,41.31299],[-72.10212,41.31229],[-72.10142,41.31119],[-72.10252,41.30939],[-72.10392,41.30929],[-72.10372,41.30839],[-72.10252,41.30879],[-72.10212,41.30819],[-72.10232,41.30649],[-72.10369,41.30558],[-72.10542,41.30529],[-72.10602,41.30449],[-72.10222,41.30459],[-72.10162,41.30349],[-72.10262,41.30389],[-72.10682,41.30339],[-72.10782,41.30289],[-72.10822,41.30179],[-72.11002,41.30129],[-72.11182,41.29909],[-72.11302,41.29899],[-72.11862,41.30069],[-72.11632,41.30069],[-72.11852,41.30239],[-72.11852,41.30369],[-72.11772,41.30339],[-72.11792,41.30589],[-72.11862,41.30629],[-72.11942,41.30569],[-72.11962,41.30379],[-72.12052,41.30349],[-72.12112,41.30509],[-72.12322,41.30379],[-72.12272,41.30329],[-72.12432,41.30269],[-72.12122,41.30229],[-72.12152,41.30309],[-72.11912,41.30269],[-72.11892,41.30199],[-72.11682,41.30089],[-72.12802,41.30099],[-72.13422,41.29939],[-72.13532,41.30019],[-72.13892,41.30059],[-72.14112,41.30209],[-72.14412,41.30269],[-72.14452,41.30409],[-72.14892,41.30809],[-72.14762,41.30869],[-72.14682,41.30709],[-72.14592,41.30679],[-72.14572,41.30749],[-72.14682,41.30789],[-72.14842,41.31009],[-72.14852,41.31119],[-72.15462,41.31399],[-72.14972,41.31429],[-72.14962,41.31329],[-72.14792,41.31129],[-72.14862,41.31349],[-72.14802,41.31459],[-72.14862,41.31459],[-72.14892,41.31689],[-72.14732,41.32309],[-72.14822,41.32529],[-72.14632,41.33019],[-72.14672,41.33049],[-72.14632,41.33439],[-72.14672,41.33499],[-72.14572,41.33569],[-72.14562,41.33659],[-72.14452,41.33729],[-72.14432,41.33809],[-72.14112,41.33809],[-72.14062,41.33989],[-72.14222,41.34079],[-72.14122,41.33979],[-72.14182,41.33859],[-72.14252,41.33839],[-72.14342,41.33899],[-72.14462,41.33849],[-72.14662,41.33599],[-72.14732,41.33609],[-72.14782,41.32969],[-72.14882,41.32769],[-72.14812,41.32639],[-72.14892,41.32459],[-72.14822,41.32499],[-72.14942,41.32209],[-72.15062,41.32169],[-72.14982,41.31959],[-72.15022,41.31819],[-72.15262,41.31639],[-72.15342,41.31729],[-72.15492,41.31729],[-72.15612,41.31799],[-72.15702,41.31629],[-72.15542,41.31509],[-72.15622,41.31429],[-72.16042,41.31339],[-72.16082,41.31169],[-72.16312,41.31159],[-72.16412,41.31029],[-72.16392,41.30849],[-72.16162,41.30619],[-72.16122,41.30679],[-72.16032,41.30669],[-72.16122,41.30579],[-72.16192,41.30609],[-72.16342,41.30499],[-72.16532,41.30439],[-72.16612,41.30559],[-72.16502,41.30569],[-72.16632,41.30689],[-72.16702,41.30579],[-72.16832,41.30719],[-72.16892,41.30899],[-72.17152,41.30989],[-72.17372,41.30949],[-72.17322,41.31029],[-72.17312,41.31239],[-72.17222,41.31379],[-72.17392,41.31759],[-72.17712,41.31909],[-72.17782,41.32059],[-72.17592,41.32449],[-72.17792,41.32559],[-72.17582,41.32639],[-72.17442,41.32789],[-72.17602,41.32989],[-72.17742,41.33069],[-72.17452,41.33439],[-72.17522,41.33739],[-72.17412,41.34099],[-72.17572,41.34239],[-72.17822,41.34889],[-72.17832,41.35059],[-72.17652,41.35319],[-72.17702,41.35479],[-72.17622,41.35669],[-72.17722,41.35579],[-72.17732,41.35419],[-72.17802,41.35279],[-72.17902,41.35299],[-72.17782,41.35259],[-72.18022,41.35159],[-72.18182,41.34979],[-72.18242,41.34739],[-72.18702,41.34709],[-72.18582,41.34989],[-72.18742,41.35149],[-72.18722,41.35229],[-72.18792,41.35479],[-72.18882,41.35579],[-72.18772,41.35679],[-72.18872,41.36339],[-72.19022,41.36379],[-72.18962,41.36449],[-72.18992,41.36619],[-72.19212,41.36709],[-72.19292,41.37069],[-72.19156,41.37307],[-72.19276,41.37555],[-72.21931,41.41212],[-72.10443,41.42745],[-72.10131,41.42637],[-72.10222,41.42579]]],[[[-72.10242,41.30487],[-72.10312,41.30479],[-72.1028,41.30494],[-72.10242,41.30487]]],[[[-72.10135,41.30827],[-72.10202,41.30643],[-72.10152,41.30819],[-72.10212,41.30929],[-72.10132,41.31061],[-72.10199,41.30934],[-72.10135,41.30827]]],[[[-72.1006,41.31124],[-72.10106,41.31105],[-72.10063,41.31157],[-72.1006,41.31124]]]]}},{"type":"Feature","properties":{"name":"Watertown School District"},"geometry":{"type":"Polygon","coordinates":[[[-73.05802,41.60674],[-73.05966,41.6058],[-73.05895,41.60272],[-73.0607,41.60081],[-73.06015,41.59348],[-73.05946,41.59161],[-73.05742,41.58932],[-73.05801,41.58865],[-73.07759,41.5875],[-73.0782,41.58615],[-73.0804,41.58671],[-73.08298,41.58557],[-73.09235,41.5705],[-73.11519,41.56454],[-73.14504,41.55782],[-73.14721,41.56713],[-73.1483,41.56878],[-73.14838,41.57217],[-73.15447,41.59981],[-73.15823,41.61445],[-73.17076,41.6692],[-73.14203,41.67229],[-73.14153,41.67271],[-73.1393,41.66851],[-73.13844,41.66861],[-73.13571,41.66598],[-73.1342,41.66559],[-73.13387,41.66431],[-73.13165,41.66167],[-73.12934,41.66363],[-73.12568,41.66425],[-73.12356,41.66329],[-73.1219,41.66036],[-73.11853,41.66173],[-73.11375,41.66107],[-73.11353,41.66068],[-73.11399,41.66031],[-73.11445,41.65813],[-73.11402,41.6568],[-73.10923,41.65803],[-73.10867,41.65698],[-73.10732,41.6566],[-73.10616,41.65708],[-73.10558,41.65796],[-73.10381,41.65793],[-73.1036,41.65734],[-73.09492,41.65483],[-73.09377,41.65255],[-73.09284,41.65252],[-73.09307,41.6516],[-73.0897,41.65048],[-73.08856,41.65076],[-73.08849,41.64983],[-73.08268,41.64761],[-73.0811,41.64765],[-73.08133,41.64527],[-73.08085,41.64221],[-73.07986,41.64147],[-73.08024,41.64025],[-73.07731,41.63387],[-73.07797,41.63184],[-73.0777,41.63126],[-73.07066,41.62801],[-73.06968,41.62678],[-73.0687,41.62672],[-73.06725,41.62397],[-73.06312,41.6209],[-73.06006,41.62038],[-73.05912,41.61978],[-73.0579,41.6162],[-73.05842,41.61433],[-73.05834,41.60738],[-73.05876,41.60667],[-73.05802,41.60674]]]}},{"type":"Feature","properties":{"name":"West Hartford School District"},"geometry":{"type":"Polygon","coordinates":[[[-72.71456,41.72363],[-72.74052,41.72106],[-72.76218,41.71834],[-72.76275,41.73403],[-72.76241,41.73433],[-72.76247,41.7377],[-72.76877,41.73757],[-72.76893,41.73958],[-72.77283,41.73685],[-72.77747,41.73127],[-72.77906,41.73022],[-72.78116,41.74592],[-72.7822,41.74822],[-72.79497,41.74747],[-72.79674,41.7588],[-72.80004,41.79183],[-72.79894,41.79193],[-72.79847,41.79384],[-72.79724,41.8047],[-72.71759,41.80662],[-72.71802,41.80219],[-72.7179,41.80146],[-72.71708,41.80103],[-72.71585,41.79513],[-72.7139,41.77742],[-72.71647,41.7708],[-72.71478,41.75643],[-72.71523,41.74765],[-72.71496,41.74495],[-72.71537,41.74435],[-72.71456,41.72363]]]}},{"type":"Feature","properties":{"name":"West Haven School District"},"geometry":{"type":"MultiPolygon","coordinates":[[[[-72.95685,41.30552],[-72.95625,41.30568],[-72.95597,41.30514],[-72.95628,41.30476],[-72.95674,41.30526],[-72.95687,41.30301],[-72.9563,41.30161],[-72.95264,41.29944],[-72.95217,41.29815],[-72.95015,41.29599],[-72.95095,41.29589],[-72.95235,41.29419],[-72.95015,41.29259],[-72.94775,41.29179],[-72.94685,41.29269],[-72.94665,41.29189],[-72.94324,41.28889],[-72.94125,41.28839],[-72.94044,41.28749],[-72.94115,41.28629],[-72.94044,41.28389],[-72.94095,41.28359],[-72.94034,41.28329],[-72.93849,41.28033],[-72.93899,41.28003],[-72.93642,41.27495],[-72.93616,41.2729],[-72.93436,41.27084],[-72.93124,41.26883],[-72.93057,41.2679],[-72.93119,41.26653],[-72.93064,41.26636],[-72.93064,41.26675],[-72.92498,41.26836],[-72.92872,41.26704],[-72.9303,41.26582],[-72.93127,41.26361],[-72.93085,41.26259],[-72.93354,41.26001],[-72.94045,41.25845],[-72.94194,41.25795],[-72.94188,41.25763],[-72.94639,41.25706],[-72.9489,41.25605],[-72.95336,41.2552],[-72.95662,41.25337],[-72.95709,41.25274],[-72.95638,41.252],[-72.95696,41.25167],[-72.95781,41.25225],[-72.95962,41.25222],[-72.96013,41.25265],[-72.96204,41.25159],[-72.96291,41.2501],[-72.96283,41.24829],[-72.9641,41.24678],[-72.96664,41.24546],[-72.96953,41.24291],[-72.97043,41.24164],[-72.97028,41.24064],[-72.97184,41.23717],[-72.9755,41.23351],[-72.97832,41.23325],[-72.97969,41.23448],[-72.98149,41.23448],[-72.98223,41.23514],[-72.98589,41.23569],[-72.99261,41.23421],[-72.99249,41.23543],[-72.9934,41.2358],[-72.99338,41.23652],[-72.99242,41.23668],[-72.99324,41.23733],[-72.99236,41.23802],[-72.9931,41.23867],[-72.99222,41.23875],[-72.99218,41.23926],[-72.99286,41.23995],[-72.99263,41.24039],[-72.99323,41.24026],[-72.99315,41.24099],[-72.99406,41.24099],[-72.99464,41.24172],[-72.99329,41.24355],[-72.99327,41.24473],[-72.99096,41.24506],[-72.99056,41.2463],[-72.99049,41.24778],[-72.99179,41.24773],[-72.99237,41.24869],[-72.99138,41.25045],[-72.99243,41.25161],[-72.99203,41.26809],[-72.97994,41.27919],[-72.98298,41.28129],[-72.98403,41.2806],[-72.98565,41.28046],[-72.98712,41.28154],[-72.98706,41.28339],[-72.98614,41.28549],[-72.9873,41.28825],[-72.98599,41.29028],[-72.98427,41.30179],[-72.98915,41.3133],[-72.9563,41.31046],[-72.95743,41.30665],[-72.95685,41.30552]]],[[[-72.92695,41.26709],[-72.92719,41.26698],[-72.92676,41.26712],[-72.92695,41.26709]]],[[[-72.92374,41.26854],[-72.92374,41.26854],[-72.92374,41.26854],[-72.92374,41.26854]]],[[[-72.92091,41.26982],[-72.92218,41.26875],[-72.92341,41.26859],[-72.92091,41.26982]]],[[[-72.94953,41.29296],[-72.94922,41.29279],[-72.94983,41.29301],[-72.94953,41.29296]]],[[[-72.95051,41.29351],[-72.94995,41.29305],[-72.95005,41.29309],[-72.95051,41.29351]]]]}},{"type":"Feature","properties":{"name":"Westbrook School District"},"geometry":{"type":"MultiPolygon","coordinates":[[[[-72.47693,41.3345],[-72.43578,41.33096],[-72.43203,41.32655],[-72.42808,41.32548],[-72.42837,41.32461],[-72.42552,41.32422],[-72.42692,41.32128],[-72.43189,41.31712],[-72.43313,41.31519],[-72.42158,41.2837],[-72.41664,41.27849],[-72.41756,41.27837],[-72.41733,41.27862],[-72.41775,41.27872],[-72.41864,41.27756],[-72.42081,41.27667],[-72.42158,41.27502],[-72.42396,41.27406],[-72.42664,41.27386],[-72.43115,41.27592],[-72.43137,41.27759],[-72.432,41.27714],[-72.43922,41.27851],[-72.44096,41.27831],[-72.44701,41.27916],[-72.45226,41.27883],[-72.45608,41.27779],[-72.45922,41.27634],[-72.462,41.27413],[-72.46583,41.27209],[-72.46792,41.26923],[-72.46891,41.26902],[-72.47076,41.26974],[-72.47147,41.27093],[-72.46873,41.27108],[-72.46854,41.27141],[-72.47069,41.27119],[-72.47045,41.27165],[-72.46805,41.27228],[-72.4703,41.27199],[-72.47019,41.27246],[-72.46755,41.2733],[-72.4696,41.27308],[-72.46912,41.2737],[-72.46928,41.27507],[-72.46726,41.27539],[-72.46583,41.27687],[-72.46781,41.2785],[-72.46743,41.28031],[-72.46632,41.2795],[-72.46506,41.27989],[-72.464,41.281],[-72.46307,41.28052],[-72.46151,41.28168],[-72.46043,41.28133],[-72.45994,41.28233],[-72.45907,41.28251],[-72.45858,41.28336],[-72.45553,41.28453],[-72.45428,41.28563],[-72.45249,41.2861],[-72.4526,41.28701],[-72.44799,41.29031],[-72.44547,41.29291],[-72.44538,41.29424],[-72.44459,41.29507],[-72.44616,41.29723],[-72.44674,41.29903],[-72.44733,41.29909],[-72.44668,41.2986],[-72.44659,41.29742],[-72.44503,41.29502],[-72.44576,41.2939],[-72.44571,41.29313],[-72.44883,41.29015],[-72.45313,41.2871],[-72.45315,41.28626],[-72.45475,41.28585],[-72.45689,41.28426],[-72.45896,41.28372],[-72.45951,41.28284],[-72.46044,41.28252],[-72.46056,41.28176],[-72.46207,41.28185],[-72.46281,41.28094],[-72.46435,41.28126],[-72.46627,41.28001],[-72.4667,41.28077],[-72.46787,41.28031],[-72.46828,41.27844],[-72.46673,41.27691],[-72.47007,41.27516],[-72.47022,41.27371],[-72.47223,41.27069],[-72.47571,41.27267],[-72.47681,41.27455],[-72.47614,41.27618],[-72.47365,41.2764],[-72.47268,41.27677],[-72.47227,41.27749],[-72.47405,41.28163],[-72.47893,41.28183],[-72.47848,41.28287],[-72.47897,41.2839],[-72.47828,41.28487],[-72.47907,41.28596],[-72.47799,41.28593],[-72.4781,41.28665],[-72.4773,41.2877],[-72.47874,41.28922],[-72.4791,41.28907],[-72.47805,41.28831],[-72.4782,41.28783],[-72.4777,41.28732],[-72.4784,41.2868],[-72.47832,41.28609],[-72.47951,41.28611],[-72.47872,41.28503],[-72.47941,41.28445],[-72.47923,41.28349],[-72.48283,41.28594],[-72.48331,41.28696],[-72.48493,41.28746],[-72.48749,41.28925],[-72.48914,41.28714],[-72.49015,41.28706],[-72.49165,41.28791],[-72.49263,41.28749],[-72.49503,41.29439],[-72.49438,41.29455],[-72.4943,41.29523],[-72.49493,41.29565],[-72.49726,41.30235],[-72.4974,41.3046],[-72.49923,41.30559],[-72.49772,41.30454],[-72.49883,41.30459],[-72.49956,41.30622],[-72.49955,41.30774],[-72.51395,41.3464],[-72.49823,41.3476],[-72.47693,41.3345]]],[[[-72.48376,41.28687],[-72.48336,41.28593],[-72.48074,41.28426],[-72.48247,41.2839],[-72.48136,41.28229],[-72.4826,41.27998],[-72.48171,41.28025],[-72.48177,41.28096],[-72.48106,41.28123],[-72.48099,41.28226],[-72.48191,41.28381],[-72.48115,41.28353],[-72.4806,41.28393],[-72.4791,41.2831],[-72.47956,41.28186],[-72.47921,41.28119],[-72.47695,41.28114],[-72.47404,41.28037],[-72.47367,41.27751],[-72.47695,41.27605],[-72.47729,41.27322],[-72.47602,41.27109],[-72.47463,41.26993],[-72.47523,41.27081],[-72.47254,41.2701],[-72.4753,41.26949],[-72.48083,41.27072],[-72.48623,41.27069],[-72.49257,41.28723],[-72.49105,41.28738],[-72.49009,41.28664],[-72.48876,41.28696],[-72.48748,41.28879],[-72.48376,41.28687]]]]}},{"type":"Feature","properties":{"name":"Weston School District"},"geometry":{"type":"Polygon","coordinates":[[[-73.32901,41.21343],[-73.32939,41.21188],[-73.33035,41.21103],[-73.32891,41.21],[-73.33073,41.20832],[-73.33249,41.20501],[-73.33236,41.20402],[-73.3333,41.20286],[-73.33298,41.20097],[-73.33357,41.19871],[-73.33718,41.19738],[-73.3384,41.19456],[-73.3421,41.19273],[-73.34552,41.19028],[-73.3716,41.17469],[-73.3773,41.18234],[-73.37817,41.18434],[-73.38249,41.18947],[-73.38916,41.19925],[-73.39326,41.2041],[-73.41589,41.23563],[-73.4301,41.25433],[-73.36881,41.27498],[-73.34143,41.24563],[-73.33679,41.24016],[-73.33389,41.23582],[-73.3309,41.23326],[-73.32594,41.22744],[-73.32591,41.22681],[-73.32685,41.22668],[-73.3267,41.22594],[-73.32584,41.22466],[-73.32456,41.22426],[-73.32363,41.22192],[-73.32547,41.22006],[-73.32592,41.21815],[-73.32567,41.21621],[-73.32901,41.21343]]]}},{"type":"Feature","properties":{"name":"Westport School District"},"geometry":{"type":"MultiPolygon","coordinates":[[[[-73.36266,41.14379],[-73.36331,41.14672],[-73.36656,41.14929],[-73.36676,41.14859],[-73.36496,41.14699],[-73.36436,41.14549],[-73.36486,41.14519],[-73.36476,41.14579],[-73.36536,41.14539],[-73.36326,41.13799],[-73.36476,41.13389],[-73.36696,41.13269],[-73.36836,41.13079],[-73.36926,41.12639],[-73.36996,41.12639],[-73.37106,41.12389],[-73.36976,41.12259],[-73.36996,41.12039],[-73.36896,41.11929],[-73.36906,41.11869],[-73.37076,41.11629],[-73.37216,41.11309],[-73.37326,41.11359],[-73.37266,41.11399],[-73.37296,41.11639],[-73.37376,41.11769],[-73.37466,41.11659],[-73.37336,41.11639],[-73.37376,41.11519],[-73.37506,41.11259],[-73.37576,41.11209],[-73.37646,41.11239],[-73.37676,41.11129],[-73.37616,41.11139],[-73.37766,41.11029],[-73.37976,41.10629],[-73.37806,41.10539],[-73.37916,41.10499],[-73.38006,41.10559],[-73.38046,41.10439],[-73.38166,41.10429],[-73.38316,41.10589],[-73.38256,41.10389],[-73.38046,41.10379],[-73.37876,41.10439],[-73.37646,41.10189],[-73.37296,41.09989],[-73.37096,41.09919],[-73.36926,41.09929],[-73.36896,41.09829],[-73.36766,41.09859],[-73.36856,41.09949],[-73.36856,41.10059],[-73.36676,41.09949],[-73.36606,41.09769],[-73.36646,41.09729],[-73.36706,41.09769],[-73.36796,41.09549],[-73.37156,41.09529],[-73.37556,41.09659],[-73.37836,41.09639],[-73.38016,41.09679],[-73.38136,41.09739],[-73.38286,41.09919],[-73.38046,41.09829],[-73.37756,41.09809],[-73.37726,41.09899],[-73.37826,41.10059],[-73.37926,41.10059],[-73.38126,41.10239],[-73.38206,41.10199],[-73.38216,41.10099],[-73.38364,41.10044],[-73.38444,41.10289],[-73.38341,41.10492],[-73.38431,41.10731],[-73.38203,41.11673],[-73.38017,41.12114],[-73.38147,41.1319],[-73.3829,41.13904],[-73.38272,41.14234],[-73.38668,41.14601],[-73.38877,41.14895],[-73.38809,41.15648],[-73.38845,41.158],[-73.38678,41.16685],[-73.38707,41.1705],[-73.37957,41.18578],[-73.3716,41.17469],[-73.34552,41.19028],[-73.3421,41.19273],[-73.33846,41.19454],[-73.3074,41.15233],[-73.30602,41.15277],[-73.30478,41.15241],[-73.3051,41.15008],[-73.30598,41.14948],[-73.30425,41.14898],[-73.30339,41.14585],[-73.30006,41.14557],[-73.29898,41.14501],[-73.29811,41.14366],[-73.299,41.14074],[-73.29772,41.13788],[-73.29668,41.13671],[-73.29722,41.13559],[-73.29613,41.13368],[-73.29738,41.13161],[-73.29653,41.1297],[-73.29713,41.12914],[-73.29692,41.12803],[-73.29756,41.12755],[-73.29711,41.12638],[-73.29902,41.12517],[-73.29865,41.12469],[-73.29896,41.12459],[-73.29906,41.11989],[-73.30946,41.11459],[-73.31186,41.11629],[-73.31966,41.11509],[-73.31996,41.11539],[-73.33066,41.10999],[-73.33626,41.11209],[-73.33916,41.11169],[-73.34266,41.11339],[-73.34376,41.11299],[-73.34436,41.11349],[-73.34206,41.11519],[-73.34166,41.11649],[-73.34126,41.11519],[-73.34016,41.11589],[-73.34056,41.11319],[-73.33996,41.11349],[-73.34006,41.11268],[-73.33966,41.11339],[-73.34036,41.11399],[-73.33916,41.11689],[-73.33726,41.11299],[-73.33806,41.11599],[-73.33736,41.11829],[-73.33626,41.11939],[-73.33316,41.12009],[-73.33336,41.12109],[-73.33476,41.12139],[-73.33906,41.11949],[-73.33896,41.12229],[-73.34046,41.12239],[-73.33996,41.12079],[-73.34066,41.12029],[-73.34126,41.12069],[-73.34216,41.12049],[-73.34246,41.11879],[-73.34326,41.11849],[-73.34286,41.11779],[-73.34306,41.11659],[-73.34436,41.11719],[-73.34446,41.11659],[-73.34556,41.11739],[-73.34606,41.11689],[-73.34556,41.11649],[-73.34596,41.11449],[-73.34486,41.11459],[-73.34446,41.11419],[-73.34476,41.11359],[-73.34636,41.11279],[-73.34626,41.11159],[-73.34516,41.11079],[-73.34566,41.10909],[-73.34706,41.10789],[-73.35196,41.10529],[-73.35296,41.10349],[-73.35326,41.10209],[-73.35296,41.10139],[-73.35426,41.10259],[-73.35686,41.10389],[-73.35756,41.10479],[-73.35726,41.10579],[-73.35686,41.10529],[-73.35526,41.10509],[-73.35446,41.10629],[-73.35686,41.10689],[-73.35936,41.10609],[-73.36186,41.10649],[-73.36456,41.10619],[-73.36456,41.10699],[-73.36336,41.10699],[-73.36206,41.10799],[-73.36096,41.10809],[-73.35956,41.10729],[-73.35926,41.10749],[-73.36006,41.10839],[-73.35816,41.10939],[-73.35696,41.10859],[-73.35746,41.10859],[-73.35756,41.10769],[-73.35896,41.10769],[-73.35799,41.10713],[-73.35726,41.10739],[-73.35646,41.10869],[-73.35706,41.10959],[-73.35646,41.10969],[-73.35586,41.11129],[-73.35656,41.11179],[-73.35606,41.11109],[-73.35666,41.10999],[-73.35756,41.11119],[-73.35826,41.11109],[-73.35756,41.10979],[-73.35946,41.10989],[-73.36056,41.11049],[-73.36056,41.10969],[-73.36316,41.10879],[-73.36356,41.10739],[-73.36536,41.10729],[-73.36546,41.10869],[-73.36616,41.10899],[-73.36736,41.10779],[-73.36816,41.10819],[-73.36836,41.10889],[-73.36976,41.10909],[-73.37116,41.10829],[-73.37126,41.11019],[-73.36736,41.12099],[-73.36626,41.12219],[-73.36736,41.12309],[-73.36856,41.12299],[-73.36906,41.12389],[-73.36786,41.12659],[-73.36776,41.13029],[-73.36626,41.13239],[-73.36486,41.13249],[-73.36416,41.13169],[-73.36436,41.13259],[-73.36296,41.13299],[-73.36266,41.13369],[-73.36116,41.13369],[-73.36166,41.13499],[-73.36086,41.13499],[-73.36096,41.13639],[-73.36176,41.13679],[-73.36076,41.13679],[-73.35986,41.13739],[-73.36136,41.13809],[-73.36086,41.13909],[-73.36196,41.13789],[-73.36266,41.14109],[-73.36266,41.14379]]],[[[-73.35846,41.08669],[-73.35506,41.08739],[-73.35566,41.08359],[-73.35846,41.08209],[-73.36066,41.08199],[-73.36136,41.08299],[-73.36236,41.08299],[-73.36096,41.08329],[-73.36046,41.08219],[-73.35856,41.08379],[-73.35696,41.08339],[-73.35616,41.08449],[-73.35666,41.08519],[-73.35816,41.08539],[-73.35756,41.08629],[-73.35646,41.08619],[-73.35526,41.08719],[-73.35966,41.08569],[-73.35846,41.08669]]],[[[-73.3832,41.09872],[-73.38186,41.09719],[-73.38046,41.09659],[-73.38176,41.09679],[-73.38166,41.09629],[-73.38246,41.09649],[-73.38226,41.09599],[-73.38116,41.09629],[-73.37946,41.09519],[-73.38146,41.09579],[-73.38286,41.09499],[-73.38326,41.09559],[-73.3833,41.09516],[-73.3832,41.09872]]],[[[-73.38006,41.09039],[-73.38156,41.08889],[-73.38286,41.08969],[-73.38236,41.09059],[-73.38006,41.09039]]],[[[-73.36366,41.14549],[-73.36266,41.14379],[-73.36296,41.14299],[-73.36376,41.14299],[-73.36426,41.14429],[-73.36366,41.14549]]],[[[-73.38356,41.07029],[-73.38366,41.07158],[-73.38286,41.07219],[-73.38206,41.07099],[-73.38356,41.07029]]],[[[-73.37226,41.07089],[-73.37306,41.07089],[-73.37276,41.07239],[-73.37216,41.07259],[-73.37226,41.07089]]],[[[-73.34416,41.11549],[-73.34286,41.11529],[-73.34506,41.11509],[-73.34416,41.11549]]],[[[-73.36866,41.10719],[-73.36786,41.10649],[-73.36856,41.10659],[-73.36866,41.10719]]],[[[-73.36046,41.10909],[-73.36116,41.10839],[-73.36098,41.109],[-73.36046,41.10909]]],[[[-73.34456,41.11369],[-73.34446,41.11419],[-73.34386,41.11439],[-73.34376,41.11419],[-73.34456,41.11369]]],[[[-73.34126,41.11769],[-73.34086,41.11719],[-73.34146,41.11679],[-73.34126,41.11769]]],[[[-73.37306,41.11539],[-73.3728,41.11469],[-73.37316,41.11469],[-73.37306,41.11539]]],[[[-73.36366,41.14579],[-73.36336,41.14629],[-73.36326,41.14569],[-73.36366,41.14579]]],[[[-73.36006,41.10939],[-73.35966,41.10929],[-73.35996,41.10909],[-73.36006,41.10939]]],[[[-73.36386,41.14679],[-73.36346,41.14659],[-73.36376,41.14649],[-73.36386,41.14679]]]]}},{"type":"Feature","properties":{"name":"Wethersfield School District"},"geometry":{"type":"MultiPolygon","coordinates":[[[[-72.6556,41.72991],[-72.64933,41.72829],[-72.65093,41.72539],[-72.64864,41.71999],[-72.64153,41.71359],[-72.62524,41.71159],[-72.62684,41.71119],[-72.62553,41.71049],[-72.62483,41.71119],[-72.62383,41.71059],[-72.62353,41.71129],[-72.62473,41.71169],[-72.62124,41.71109],[-72.61965,41.70951],[-72.62283,41.70999],[-72.62283,41.70939],[-72.62583,41.70949],[-72.62633,41.70539],[-72.61813,41.70469],[-72.61723,41.70649],[-72.61803,41.70399],[-72.62553,41.70199],[-72.63503,41.70019],[-72.63154,41.70489],[-72.63333,41.70409],[-72.63254,41.70679],[-72.63843,41.69469],[-72.63563,41.68989],[-72.61851,41.6878],[-72.64911,41.68498],[-72.65905,41.68167],[-72.65905,41.68218],[-72.66334,41.68093],[-72.66534,41.6801],[-72.66697,41.67264],[-72.66774,41.67151],[-72.66994,41.66989],[-72.67709,41.66992],[-72.68241,41.67084],[-72.68311,41.67185],[-72.68837,41.67099],[-72.6935,41.67097],[-72.69587,41.67006],[-72.70604,41.6688],[-72.70694,41.67371],[-72.70036,41.67457],[-72.70308,41.68833],[-72.70524,41.6953],[-72.70485,41.69698],[-72.70804,41.71037],[-72.70594,41.7243],[-72.69103,41.7254],[-72.6556,41.72991]]],[[[-72.63633,41.7249],[-72.64734,41.7233],[-72.64633,41.7276],[-72.63633,41.7249]]]]}},{"type":"Feature","properties":{"name":"Willington School District"},"geometry":{"type":"Polygon","coordinates":[[[-72.2349,41.95758],[-72.21698,41.95816],[-72.21729,41.94324],[-72.21631,41.89282],[-72.2169,41.88446],[-72.21772,41.83518],[-72.2861,41.83619],[-72.31014,41.83606],[-72.3088,41.84017],[-72.30958,41.84337],[-72.30891,41.84486],[-72.30981,41.84683],[-72.30968,41.84794],[-72.30655,41.85032],[-72.30419,41.85063],[-72.30436,41.85239],[-72.30377,41.85332],[-72.30718,41.85611],[-72.30651,41.86094],[-72.30799,41.86333],[-72.30792,41.86494],[-72.31018,41.86776],[-72.31063,41.86922],[-72.31027,41.87063],[-72.31186,41.87221],[-72.31188,41.87365],[-72.30816,41.875],[-72.30893,41.8784],[-72.30645,41.88098],[-72.30702,41.88218],[-72.30668,41.88286],[-72.30574,41.88337],[-72.3047,41.88246],[-72.30425,41.88336],[-72.3026,41.88387],[-72.30125,41.88688],[-72.29818,41.88784],[-72.29906,41.88886],[-72.30307,41.88924],[-72.30308,41.89018],[-72.30206,41.89224],[-72.29922,41.89399],[-72.29304,41.89559],[-72.29087,41.89733],[-72.29267,41.90021],[-72.29083,41.90498],[-72.29118,41.90631],[-72.29335,41.90716],[-72.29406,41.90922],[-72.29682,41.91109],[-72.29766,41.91449],[-72.29756,41.91646],[-72.2988,41.9191],[-72.29952,41.91981],[-72.30172,41.92055],[-72.30325,41.92286],[-72.3052,41.92421],[-72.30517,41.92527],[-72.30665,41.92663],[-72.30715,41.93065],[-72.30914,41.93146],[-72.30922,41.93354],[-72.30625,41.94071],[-72.23671,41.93986],[-72.23633,41.94377],[-72.23685,41.94583],[-72.23679,41.95829],[-72.2349,41.95758]]]}},{"type":"Feature","properties":{"name":"Wilton School District"},"geometry":{"type":"Polygon","coordinates":[[[-73.43819,41.26519],[-73.41589,41.23563],[-73.37957,41.18578],[-73.38707,41.1705],[-73.39484,41.17177],[-73.4154,41.16289],[-73.41858,41.16086],[-73.44891,41.15375],[-73.44981,41.15717],[-73.45254,41.15963],[-73.45463,41.15908],[-73.46039,41.16092],[-73.46402,41.16126],[-73.46407,41.16279],[-73.46473,41.16388],[-73.46646,41.16464],[-73.46683,41.1655],[-73.46543,41.17023],[-73.46527,41.17595],[-73.46716,41.17759],[-73.46885,41.17748],[-73.46999,41.17913],[-73.47301,41.18069],[-73.4735,41.1819],[-73.47225,41.18251],[-73.47282,41.18499],[-73.47014,41.18959],[-73.47285,41.19141],[-73.47203,41.19438],[-73.47311,41.19508],[-73.47313,41.19614],[-73.474,41.1966],[-73.47569,41.19905],[-73.47892,41.20639],[-73.48026,41.20791],[-73.48149,41.20809],[-73.48269,41.20765],[-73.48367,41.208],[-73.48441,41.20902],[-73.4849,41.21175],[-73.48269,41.21277],[-73.50253,41.23723],[-73.49836,41.23869],[-73.46923,41.25196],[-73.46393,41.25282],[-73.46364,41.25419],[-73.46099,41.25562],[-73.43819,41.26519]]]}},{"type":"Feature","properties":{"name":"Winchester School District"},"geometry":{"type":"Polygon","coordinates":[[[-73.05353,41.88732],[-73.10361,41.87952],[-73.15316,41.87263],[-73.15282,41.87711],[-73.15153,41.88172],[-73.15191,41.88369],[-73.15159,41.88556],[-73.15328,41.88569],[-73.15319,41.88736],[-73.15818,41.89222],[-73.16156,41.89329],[-73.17066,41.89428],[-73.15149,41.95973],[-73.06424,41.96391],[-73.03402,41.9663],[-73.03883,41.94551],[-73.05353,41.88732]]]}},{"type":"Feature","properties":{"name":"Windham School District"},"geometry":{"type":"Polygon","coordinates":[[[-72.15632,41.75349],[-72.12252,41.74877],[-72.11204,41.7459],[-72.12249,41.71275],[-72.12019,41.68348],[-72.11996,41.6633],[-72.14672,41.66717],[-72.15175,41.66752],[-72.15501,41.66267],[-72.15755,41.65763],[-72.18665,41.67628],[-72.20824,41.69225],[-72.21718,41.69801],[-72.235,41.71069],[-72.23816,41.71348],[-72.24425,41.71692],[-72.24529,41.72049],[-72.24709,41.72349],[-72.24952,41.72447],[-72.25201,41.72424],[-72.25316,41.72527],[-72.25302,41.72617],[-72.25198,41.72728],[-72.25264,41.7282],[-72.19813,41.72818],[-72.19774,41.72888],[-72.19916,41.72961],[-72.19852,41.73174],[-72.19771,41.73178],[-72.19682,41.73064],[-72.19497,41.72997],[-72.19244,41.73029],[-72.19096,41.7314],[-72.191,41.73258],[-72.1925,41.73453],[-72.19444,41.73495],[-72.19532,41.73606],[-72.19564,41.73961],[-72.19343,41.74371],[-72.18905,41.74711],[-72.18877,41.74841],[-72.18925,41.75041],[-72.18573,41.75191],[-72.18798,41.75374],[-72.18766,41.75518],[-72.18227,41.75621],[-72.17787,41.75537],[-72.17748,41.75387],[-72.17831,41.75309],[-72.17604,41.75144],[-72.17656,41.75072],[-72.17638,41.74998],[-72.17476,41.75016],[-72.17463,41.75101],[-72.17413,41.75118],[-72.17302,41.74948],[-72.17165,41.74847],[-72.16848,41.75223],[-72.16607,41.75196],[-72.16531,41.75033],[-72.16342,41.74974],[-72.15915,41.75074],[-72.15889,41.75144],[-72.15763,41.7518],[-72.15632,41.75349]]]}},{"type":"Feature","properties":{"name":"Windsor Locks School District"},"geometry":{"type":"Polygon","coordinates":[[[-72.61395,41.94354],[-72.62343,41.9343],[-72.62409,41.9292],[-72.62173,41.9046],[-72.63543,41.90331],[-72.63983,41.8976],[-72.64275,41.9001],[-72.64994,41.90345],[-72.66289,41.90832],[-72.6744,41.91604],[-72.67898,41.91747],[-72.68714,41.91826],[-72.6922,41.9197],[-72.69458,41.92091],[-72.69591,41.92243],[-72.69535,41.92228],[-72.68764,41.9481],[-72.65174,41.94608],[-72.62463,41.9439],[-72.61395,41.94354]]]}},{"type":"Feature","properties":{"name":"Windsor School District"},"geometry":{"type":"Polygon","coordinates":[[[-72.69591,41.92243],[-72.69458,41.92091],[-72.6922,41.9197],[-72.68714,41.91826],[-72.67898,41.91747],[-72.6744,41.91604],[-72.66289,41.90832],[-72.64994,41.90345],[-72.64275,41.9001],[-72.63983,41.8976],[-72.63543,41.90331],[-72.62173,41.9046],[-72.62068,41.89771],[-72.62154,41.89318],[-72.62044,41.8904],[-72.62045,41.88714],[-72.61969,41.88284],[-72.61926,41.8683],[-72.62561,41.84573],[-72.62993,41.8372],[-72.63893,41.82875],[-72.64425,41.81307],[-72.64564,41.80583],[-72.65573,41.80599],[-72.65833,41.8031],[-72.66079,41.80136],[-72.66286,41.80149],[-72.66274,41.80563],[-72.66043,41.80619],[-72.65836,41.80572],[-72.65867,41.80732],[-72.68614,41.8029],[-72.68681,41.82358],[-72.68823,41.8388],[-72.68969,41.86624],[-72.69768,41.86751],[-72.74296,41.87735],[-72.72922,41.91559],[-72.72221,41.92793],[-72.71334,41.92694],[-72.69591,41.92243]]]}},{"type":"Feature","properties":{"name":"Wolcott School District"},"geometry":{"type":"Polygon","coordinates":[[[-72.94635,41.5568],[-72.96807,41.55387],[-72.97985,41.55335],[-73.01206,41.58382],[-73.02147,41.6271],[-73.00405,41.62858],[-72.98308,41.63952],[-72.9385,41.64431],[-72.93364,41.60779],[-72.94468,41.56286],[-72.9451,41.55969],[-72.94635,41.5568]]]}},{"type":"Feature","properties":{"name":"Woodbridge School District"},"geometry":{"type":"Polygon","coordinates":[[[-72.95487,41.39448],[-72.95703,41.39297],[-72.96113,41.38794],[-72.96735,41.37774],[-72.97466,41.36356],[-72.9754,41.35994],[-72.97482,41.35261],[-72.97315,41.34745],[-72.97019,41.3429],[-72.97407,41.34159],[-72.98331,41.33731],[-72.98501,41.33302],[-72.98874,41.33019],[-72.98894,41.32889],[-72.99681,41.3236],[-72.99805,41.3141],[-73.0007,41.31262],[-73.00435,41.3115],[-73.00876,41.31041],[-73.01307,41.31032],[-73.01478,41.31082],[-73.02806,41.31188],[-73.03358,41.31313],[-73.04071,41.31389],[-73.03893,41.32801],[-73.03998,41.33236],[-73.04233,41.33857],[-73.04294,41.33882],[-73.04372,41.34232],[-73.04633,41.34608],[-73.04644,41.35209],[-73.04907,41.38105],[-73.04754,41.39583],[-73.04686,41.39521],[-73.0443,41.39491],[-73.04241,41.39562],[-73.04029,41.39372],[-73.03878,41.39327],[-73.0378,41.3917],[-73.03684,41.39133],[-73.03536,41.39187],[-73.03404,41.39171],[-73.03274,41.39014],[-73.02998,41.38851],[-72.98146,41.39201],[-72.95487,41.39448]]]}},{"type":"Feature","properties":{"name":"Woodstock School District"},"geometry":{"type":"Polygon","coordinates":[[[-72.10217,42.02887],[-72.07183,42.02764],[-71.98768,42.02688],[-71.96302,42.02622],[-71.95352,42.0001],[-71.92735,41.91705],[-72.00522,41.9144],[-72.09702,41.91499],[-72.09856,41.95895],[-72.09923,41.95895],[-72.10217,42.02887]]]}}]}